track_name,album,track_number,artist,record_id
 Round and Round the Garden / Knock at the Door ,"Zoom, Zoom Cuddle and Croon",3.0,Kathy Reid-Naiman,231
"1,2, Buckle my shoe",I love to Hear the Sounds,4.0,Kathy Reid-Naiman,287
"1,2,3,4, Jingle at the cottage door",I love to Hear the Sounds,10.0,Kathy Reid-Naiman,293
10 Little Angels,I love to Hear the Sounds,9.0,Kathy Reid-Naiman,292
3 Times around / Alley alley oh,More Tickles and Tunes,15.0,Kathy Reid-Naiman,51
5 Fools in a barrow,Tickles and Tunes,35.0,Kathy Reid-Naiman,35
5 Little Peas / Oats and Beans,Say Hello to the Morning,9.0,Kathy Reid-Naiman,80
5 Little pumpkins,When Its Autumn,14.0,Kathy Reid-Naiman,353
A Chubby Little Snowman/ Voici un bonhomme de neige,It's a Beautiful Day,16.0,Kathy Reid-Naiman,425
A Chubby Little Snowman/ Voici un bonhomme de neige,It's a Beautiful Day,16.0,Kathy Reid-Naiman,491
A Chubby Little Snowman? Voici in ...,Baby's Boat,13.0,Kathy Reid-Naiman,322
A Chubby Little Snowman? Voici in bonhomme de neige,,13.0,Kathy Reid-Naiman,512
A Chubby Little Snowman? Voici in bonhomme de neige,Timeless Tickles and Tunes,13.0,Kathy Reid-Naiman,467
A la claire fontaine,Ça suffit pour s'amuser,,Kathy Reid-Naiman,561
A Monkey and a Hound  / Le singe et le chien,It's a Beautiful Day,11.0,Kathy Reid-Naiman,422
A Monkey and a Hound  / Le singe et le chien,It's a Beautiful Day,11.0,Kathy Reid-Naiman,488
A Smooth Rd to London Town,Baby's Boat,26.0,Kathy Reid-Naiman,335
A Smooth Road,More Tickles and Tunes,10.0,Kathy Reid-Naiman,46
A Trot and a Canter / Matthew Mark /Rickety Rocking Horse,More Tickles and Tunes,26.0,Kathy Reid-Naiman,62
Aikendrum,I love to Hear the Sounds,2.0,Kathy Reid-Naiman,285
Ako Si Legla Spat,Spring is Coming,27.0,Kathy Reid-Naiman,409
Alabama Gals,Here We Go Zodeo,11.0,Kathy Reid-Naiman,444
All around the Kitchen,Tickles and Tunes,14.0,Kathy Reid-Naiman,14
All the little bunnies,More Tickles and Tunes,11.0,Kathy Reid-Naiman,47
All the little ones are sleeping,A Smooth Road to London Town,24.0,Kathy Reid-Naiman,131
Alley Bally,A Smooth Road to London Town,23.0,Kathy Reid-Naiman,130
Almost Day,Sing the Cold Winter Away,14.0,Kathy Reid-Naiman,270
Aubrey's Dreidle,Sing the Cold Winter Away,9.0,Kathy Reid-Naiman,265
Babushka Baio,Sally Go Round the Moon,10.0,Kathy Reid-Naiman,221
Babushka Baio,"Zoom, Zoom Cuddle and Croon",25.0,Kathy Reid-Naiman,253
Baby Shark,Sally Go Round the Sun,23.0,Kathy Reid-Naiman,201
Baby's Boat,A Smooth Road to London Town,26.0,Kathy Reid-Naiman,133
Baby's Boat,Baby's Boat,28.0,Kathy Reid-Naiman,337
Baby-oh!,Tickles and Tunes,28.0,Kathy Reid-Naiman,28
Because it's Spring,Spring is Coming,11.0,Kathy Reid-Naiman,393
Bell Horses,I love to Hear the Sounds,14.0,Kathy Reid-Naiman,297
Big Belly Ben,Sing the Cold Winter Away,11.0,Kathy Reid-Naiman,267
Big Moon Bright Moon,Sally Go Round the Moon,12.0,Kathy Reid-Naiman,223
Bingo Farm,Here We Go Zodeo,19.0,Kathy Reid-Naiman,452
Boom Boom Baby Goes Boom Boom,It's a Beautiful Day,10.0,Kathy Reid-Naiman,421
Boom Boom Baby Goes Boom Boom,It's a Beautiful Day,10.0,Kathy Reid-Naiman,487
Bow Wow Wow,I love to Hear the Sounds,5.0,Kathy Reid-Naiman,288
Brightest and Best,Sing the Cold Winter Away,23.0,Kathy Reid-Naiman,279
Brush your Teeth,When Its Autumn,22.0,Kathy Reid-Naiman,361
Bumble Bee / Around and round the flower,More Tickles and Tunes,6.0,Kathy Reid-Naiman,42
Button It Up,Sally Go Round the Sun,15.0,Kathy Reid-Naiman,193
Button it Up / J’ai des mitaines,It's a Beautiful Day,18 ,Kathy Reid-Naiman,432
Button it Up / J’ai des mitaines,It's a Beautiful Day,18 ,Kathy Reid-Naiman,498
Bye Baby Bye,More Tickles and Tunes,36.0,Kathy Reid-Naiman,71
Bye Baby Bye ,On My Way to Dreamland,16.0,Kathy Reid-Naiman,150
Bye O Baby Bye ,On My Way to Dreamland,12.0,Kathy Reid-Naiman,146
C'est une belle journee,Ça suffit pour s'amuser,,Kathy Reid-Naiman,551
Catch A Falling Star ,On My Way to Dreamland,15.0,Kathy Reid-Naiman,149
Catch her Crow / Way up High in an Apple Tree,More Tickles and Tunes,22.0,Kathy Reid-Naiman,58
Chee chee chaw,Here We Go Zodeo,16.0,Kathy Reid-Naiman,449
Child of God,Sing the Cold Winter Away,21.0,Kathy Reid-Naiman,277
Children Go Where I send thee,Sing the Cold Winter Away,20.0,Kathy Reid-Naiman,276
Chop-Nose Day,More Tickles and Tunes,35.0,Kathy Reid-Naiman,70
Christmas is coming,Sing the Cold Winter Away,13.0,Kathy Reid-Naiman,269
Chubby Little Snowman,Sing the Cold Winter Away,2.0,Kathy Reid-Naiman,258
Circle Of The Sun,A Smooth Road to London Town,1.0,Kathy Reid-Naiman,108
Clap Everybody and Say Hello,Sally Go Round the Sun,4.0,Kathy Reid-Naiman,182
Clap When the Spirit Says Clap,When Its Autumn,23.0,Kathy Reid-Naiman,362
Clap your Hands ,,6.0,Kathy Reid-Naiman,505
Clap your Hands ,Baby's Boat,6.0,Kathy Reid-Naiman,315
Clap your Hands ,Timeless Tickles and Tunes,6.0,Kathy Reid-Naiman,460
Clap Your Hands Clap Your Hands,Tickles and Tunes,6.0,Kathy Reid-Naiman,6
Close your eyes and Dream,Spring is Coming,28.0,Kathy Reid-Naiman,410
Come Look a see,A Smooth Road to London Town,12.0,Kathy Reid-Naiman,119
Come Row The Boat ,On My Way to Dreamland,9.0,Kathy Reid-Naiman,143
Coulter's Candy,Tickles and Tunes,21.0,Kathy Reid-Naiman,21
Cousin Peter,Say Hello to the Morning,4.0,Kathy Reid-Naiman,75
Cowgirl's Lullaby ,On My Way to Dreamland,6.0,Kathy Reid-Naiman,140
Creepy Crawly Spiders,When Its Autumn,20.0,Kathy Reid-Naiman,359
Criss cross Applesauce,Tickles and Tunes,29.0,Kathy Reid-Naiman,29
Crocuses and Scilla,Spring is Coming,5.0,Kathy Reid-Naiman,387
Cup of Tea / Peanut Butter sandwich*-,Tickles and Tunes,27.0,Kathy Reid-Naiman,27
Daffy down Dilly/ 5 Yellow Daffodils,Spring is Coming,3.0,Kathy Reid-Naiman,385
Dance to your Daddy,Sally Go Round the Sun,5.0,Kathy Reid-Naiman,183
Dans la foret lointaine,Ça suffit pour s'amuser,,Kathy Reid-Naiman,560
Dans la forȇt lointaine,It's a Beautiful Day,20.0,Kathy Reid-Naiman,428
Dans la forȇt lointaine,It's a Beautiful Day,20.0,Kathy Reid-Naiman,494
Davy Davy Dumpling,More Tickles and Tunes,8.0,Kathy Reid-Naiman,44
Dig a Little Hole,Spring is Coming,7.0,Kathy Reid-Naiman,389
Dingle Dangle Scarecrow,Tickles and Tunes,31.0,Kathy Reid-Naiman,31
Dirty Bill,More Tickles and Tunes,23.0,Kathy Reid-Naiman,59
Dog in the School,Say Hello to the Morning,26.0,Kathy Reid-Naiman,98
Doigts colles,Ça suffit pour s'amuser,,Kathy Reid-Naiman,547
Douglas Mountain ,On My Way to Dreamland,2.0,Kathy Reid-Naiman,136
Down by the Banks of the Hanky Pank,Sally Go Round the Sun,21.0,Kathy Reid-Naiman,199
Down in the Valley,Say Hello to the Morning,25.0,Kathy Reid-Naiman,97
Down on Grampa's farm ,Sally Go Round the Sun,26.0,Kathy Reid-Naiman,204
Dreams Of Harmony ,On My Way to Dreamland,19.0,Kathy Reid-Naiman,153
Dropped My Hat ,A Smooth Road to London Town,11.0,Kathy Reid-Naiman,118
Ducks in the Millpond,Reaching for the Stars,15.0,Kathy Reid-Naiman,168
Ducks on the Pond,"Zoom, Zoom Cuddle and Croon",2.0,Kathy Reid-Naiman,230
Duke of York,A Smooth Road to London Town,9.0,Kathy Reid-Naiman,116
Duke of York,More Tickles and Tunes,21.0,Kathy Reid-Naiman,57
Edward Loves His Mommy,It's a Beautiful Day,9.0,Kathy Reid-Naiman,420
Edward Loves His Mommy,It's a Beautiful Day,9.0,Kathy Reid-Naiman,486
Everybody knows I love my toes,Sally Go Round the Sun,9.0,Kathy Reid-Naiman,187
Everybody Says,Reaching for the Stars,8.0,Kathy Reid-Naiman,161
Everybody's Sleeping,Sally Go Round the Moon,17.0,Kathy Reid-Naiman,228
Face Tickles,Tickles and Tunes,15.0,Kathy Reid-Naiman,15
Faire de la gomme,Savez-vous planter des choux?,,Kathy Reid-Naiman,541
Fais do do,Savez-vous planter des choux?,,Kathy Reid-Naiman,528
Frotte les deux mains,Ça suffit pour s'amuser,,Kathy Reid-Naiman,546
Gingerbread man,Sing the Cold Winter Away,6.0,Kathy Reid-Naiman,262
Gingerbread Man ,Tickles and Tunes,34.0,Kathy Reid-Naiman,34
Glorious Day,When Its Autumn,2.0,Kathy Reid-Naiman,341
Glory to the Mountain,,23.0,Kathy Reid-Naiman,522
Glory to the Mountain,Baby's Boat,23.0,Kathy Reid-Naiman,332
Glory to the Mountain,Here We Go Zodeo,20.0,Kathy Reid-Naiman,453
Glory to the Mountain,Timeless Tickles and Tunes,23.0,Kathy Reid-Naiman,477
Goes to Sleep,Sally Go Round the Moon,13.0,Kathy Reid-Naiman,224
Going Down the Old Camp Road,Welcome Summer,19.0,Kathy Reid-Naiman,382
Going for a Walk,Reaching for the Stars,2.0,Kathy Reid-Naiman,155
Going to Boston,Here We Go Zodeo,18.0,Kathy Reid-Naiman,451
Goodbye Children,Tickles and Tunes,36.0,Kathy Reid-Naiman,36
Goodbye My Friends,Reaching for the Stars,25.0,Kathy Reid-Naiman,178
Goodnight Beloved Mine ,On My Way to Dreamland,10.0,Kathy Reid-Naiman,144
Goodnight Ladies,A Smooth Road to London Town,27.0,Kathy Reid-Naiman,134
Grampa's farm rhyme,Sally Go Round the Sun,25.0,Kathy Reid-Naiman,203
Gray Squirrel,When Its Autumn,4.0,Kathy Reid-Naiman,343
Great Big Star,Baby's Boat,30.0,Kathy Reid-Naiman,339
Great Big Star ,On My Way to Dreamland,1.0,Kathy Reid-Naiman,135
Halloween counting rhyme,When Its Autumn,12.0,Kathy Reid-Naiman,351
Halloween farm,When Its Autumn,16.0,Kathy Reid-Naiman,355
Harry went to Hampstead,Sally Go Round the Sun,16.0,Kathy Reid-Naiman,194
Head and Thorax,Welcome Summer,14.0,Kathy Reid-Naiman,377
Heigh Ho Halloweens Here,,18.0,Kathy Reid-Naiman,517
Heigh Ho Halloweens Here,Baby's Boat,18.0,Kathy Reid-Naiman,327
Heigh Ho Halloweens Here,Timeless Tickles and Tunes,18.0,Kathy Reid-Naiman,472
Heigh Ho Halloweens Here,When Its Autumn,13.0,Kathy Reid-Naiman,352
Hello Rain,Reaching for the Stars,12.0,Kathy Reid-Naiman,165
"Here goes the rabbit,",Sally Go Round the Sun,12.0,Kathy Reid-Naiman,190
Here is my baby ready for her nap,Spring is Coming,17.0,Kathy Reid-Naiman,399
Here is the Boat,Reaching for the Stars,19.0,Kathy Reid-Naiman,172
Here is the chimney,Sing the Cold Winter Away,16.0,Kathy Reid-Naiman,272
Here is The Little Boy,Say Hello to the Morning,17.0,Kathy Reid-Naiman,89
Here is The Little Boy,"Zoom, Zoom Cuddle and Croon",21.0,Kathy Reid-Naiman,249
Here is the Sea,Sally Go Round the Sun,22.0,Kathy Reid-Naiman,200
Here We Go Zodeo,Here We Go Zodeo,2.0,Kathy Reid-Naiman,435
Here's a Bunny / See The Little Bunny,Say Hello to the Morning,7.0,Kathy Reid-Naiman,78
Here's a Little Teacup,Sally Go Round the Sun,29.0,Kathy Reid-Naiman,207
Hey Ho Little Fish,More Tickles and Tunes,3.0,Kathy Reid-Naiman,39
Higglety Pigglety Pop,I love to Hear the Sounds,7.0,Kathy Reid-Naiman,290
Hippity Hop,Spring is Coming,14.0,Kathy Reid-Naiman,396
Ho Ho Watanay ,Sally Go Round the Moon,16.0,Kathy Reid-Naiman,227
Ho Ho Watanay ,"Zoom, Zoom Cuddle and Croon",23.0,Kathy Reid-Naiman,251
Ho Young Rider,Say Hello to the Morning,32.0,Kathy Reid-Naiman,104
Honest Jack,Welcome Summer,17.0,Kathy Reid-Naiman,380
Hoosen Johnny,Welcome Summer,16.0,Kathy Reid-Naiman,379
"Horsey, Horsey, [Homeward Bound]",A Smooth Road to London Town,6.0,Kathy Reid-Naiman,113
How Go The Ladies,More Tickles and Tunes,14.0,Kathy Reid-Naiman,50
How many miles to Bethlehem ,Sing the Cold Winter Away,19.0,Kathy Reid-Naiman,275
How many miles to London town?,More Tickles and Tunes,28.0,Kathy Reid-Naiman,64
How shall we March,I love to Hear the Sounds,26.0,Kathy Reid-Naiman,309
How'd ja do,Tickles and Tunes,1.0,Kathy Reid-Naiman,1
Humpty Dumpty,Tickles and Tunes,23.0,Kathy Reid-Naiman,23
Hunt The Cows,Here We Go Zodeo,5.0,Kathy Reid-Naiman,438
Hush Little Baby,A Smooth Road to London Town,17.0,Kathy Reid-Naiman,124
Hush Little Baby,"Zoom, Zoom Cuddle and Croon",26.0,Kathy Reid-Naiman,254
I am a Fine Musician,I love to Hear the Sounds,18.0,Kathy Reid-Naiman,301
I had a little piggy,Spring is Coming,10.0,Kathy Reid-Naiman,392
I have a Jack o Lantern,When Its Autumn,9.0,Kathy Reid-Naiman,348
I have a little Dreidle,Sing the Cold Winter Away,10.0,Kathy Reid-Naiman,266
I Have a Little Drum,It's a Beautiful Day,15.0,Kathy Reid-Naiman,424
I Have a Little Drum,It's a Beautiful Day,15.0,Kathy Reid-Naiman,490
I have a little Hammer and I Tap tap tap,I love to Hear the Sounds,6.0,Kathy Reid-Naiman,289
I Have A Little Pony His Name Is Dappled Grey / ,Say Hello to the Morning,13.0,Kathy Reid-Naiman,84
I Hear Thunder/ I see blue skies,Spring is Coming,19.0,Kathy Reid-Naiman,401
I Like To Ride My Horse ,Say Hello to the Morning,12.0,Kathy Reid-Naiman,83
I Like to Rise,,2.0,Kathy Reid-Naiman,501
I Like to Rise,Baby's Boat,2.0,Kathy Reid-Naiman,311
I Like to Rise,Timeless Tickles and Tunes,2.0,Kathy Reid-Naiman,456
I Like to Rise,"Zoom, Zoom Cuddle and Croon",1.0,Kathy Reid-Naiman,229
I Love to Hear the Sounds,,22.0,Kathy Reid-Naiman,521
I Love to Hear the Sounds,Baby's Boat,22.0,Kathy Reid-Naiman,331
I love to Hear the Sounds,I love to Hear the Sounds,1.0,Kathy Reid-Naiman,284
I Love to Hear the Sounds,Timeless Tickles and Tunes,22.0,Kathy Reid-Naiman,476
I see the moon,A Smooth Road to London Town,25.0,Kathy Reid-Naiman,132
I See the Moon,"Zoom, Zoom Cuddle and Croon",24.0,Kathy Reid-Naiman,252
I See The Moon (up over my bed) ,On My Way to Dreamland,14.0,Kathy Reid-Naiman,148
I Shut the Door,When Its Autumn,19.0,Kathy Reid-Naiman,358
I Think You're Wonderful,Sally Go Round the Sun,3.0,Kathy Reid-Naiman,181
I Want Someone To Buy Me A pony,Say Hello to the Morning,13.0,Kathy Reid-Naiman,85
I Want Someone To Buy Me A pony,"Zoom, Zoom Cuddle and Croon",12.0,Kathy Reid-Naiman,240
I Went Down into the Barnyard,Reaching for the Stars,14.0,Kathy Reid-Naiman,167
I'm a Scarecrow Tall,When Its Autumn,17.0,Kathy Reid-Naiman,356
I'm Going to Take a Bath,Welcome Summer,18.0,Kathy Reid-Naiman,381
I'm Going to the Woods,Sally Go Round the Sun,11.0,Kathy Reid-Naiman,189
I'm Passing Out The Sticks / Tap and Stop -,Tickles and Tunes,24.0,Kathy Reid-Naiman,24
I'm tapping on my sticks ,I love to Hear the Sounds,3.0,Kathy Reid-Naiman,286
If I Had A Pony,More Tickles and Tunes,25.0,Kathy Reid-Naiman,61
If I Knew You Were Coming,Say Hello to the Morning,19.0,Kathy Reid-Naiman,91
It's a Beautiful Day,Reaching for the Stars,1.0,Kathy Reid-Naiman,154
It's a Beautiful Day / C’est une belle journée,It's a Beautiful Day,1.0,Kathy Reid-Naiman,413
It's a Beautiful Day / C’est une belle journée,It's a Beautiful Day,1.0,Kathy Reid-Naiman,479
It's Going to be a Long Winter,Sing the Cold Winter Away,3.0,Kathy Reid-Naiman,259
J'ai un manteau,Ça suffit pour s'amuser,,Kathy Reid-Naiman,554
J'aime la galette,Savez-vous planter des choux?,,Kathy Reid-Naiman,524
J'enroule,Savez-vous planter des choux?,,Kathy Reid-Naiman,539
Jack Jingle,More Tickles and Tunes,19.0,Kathy Reid-Naiman,55
Jack's House,,5.0,Kathy Reid-Naiman,504
Jack's House,Baby's Boat,5.0,Kathy Reid-Naiman,314
Jack's House,Reaching for the Stars,5.0,Kathy Reid-Naiman,158
Jack's House,Timeless Tickles and Tunes,5.0,Kathy Reid-Naiman,459
Jack-O-Lantern,When Its Autumn,10.0,Kathy Reid-Naiman,349
Jarvis to Port Dover,Reaching for the Stars,3.0,Kathy Reid-Naiman,156
Jarvis to Port Dover,Sally Go Round the Sun,20.0,Kathy Reid-Naiman,198
Je berce mon bebe,Ça suffit pour s'amuser,,Kathy Reid-Naiman,548
Je ferme la porte,Ça suffit pour s'amuser,,Kathy Reid-Naiman,559
Jean Petit qui danse,It's a Beautiful Day,8.0,Kathy Reid-Naiman,419
Jean Petit qui danse,It's a Beautiful Day,8.0,Kathy Reid-Naiman,485
Jean Petit qui danse,Ça suffit pour s'amuser,,Kathy Reid-Naiman,557
Jenny Jones,Here We Go Zodeo,8.0,Kathy Reid-Naiman,441
Jeremiah Blow the Fire,Say Hello to the Morning,15.0,Kathy Reid-Naiman,87
Jim along Josie,More Tickles and Tunes,30.0,Kathy Reid-Naiman,66
Johnny Porkpie,Spring is Coming,15.0,Kathy Reid-Naiman,397
Johnny's Hammers,Tickles and Tunes,4.0,Kathy Reid-Naiman,4
Jubilee,Say Hello to the Morning,30.0,Kathy Reid-Naiman,102
Jump Jim Joe,Here We Go Zodeo,1.0,Kathy Reid-Naiman,434
Kangaroo Brown ,Say Hello to the Morning,29.0,Kathy Reid-Naiman,101
Keeper of the Bees,,20.0,Kathy Reid-Naiman,519
Keeper of the Bees,Baby's Boat,20.0,Kathy Reid-Naiman,329
Keeper of the Bees,Timeless Tickles and Tunes,20.0,Kathy Reid-Naiman,474
Kitty Alone ,On My Way to Dreamland,13.0,Kathy Reid-Naiman,147
Knee tickles,Tickles and Tunes,30.0,Kathy Reid-Naiman,30
Knees Up Mary Muffet ,Say Hello to the Morning,14.0,Kathy Reid-Naiman,86
La Bastringue,Here We Go Zodeo,21.0,Kathy Reid-Naiman,454
La laine des moutons,Savez-vous planter des choux?,,Kathy Reid-Naiman,536
Land of Silver Birch,Sally Go Round the Moon,9.0,Kathy Reid-Naiman,220
Lavender's Blue ,On My Way to Dreamland,8.0,Kathy Reid-Naiman,142
Lavender's Blue ,"Zoom, Zoom Cuddle and Croon",27.0,Kathy Reid-Naiman,255
Le chien dans l'ecole,Savez-vous planter des choux?,,Kathy Reid-Naiman,542
Le chien de ma tante,Ça suffit pour s'amuser,,Kathy Reid-Naiman,558
Le jardin,Savez-vous planter des choux?,,Kathy Reid-Naiman,533
Leg over leg,More Tickles and Tunes,18.0,Kathy Reid-Naiman,54
Les biscuits,Ça suffit pour s'amuser,,Kathy Reid-Naiman,552
Les petits lapins,Savez-vous planter des choux?,,Kathy Reid-Naiman,525
Les étoiles filent dans le ciel,Savez-vous planter des choux?,,Kathy Reid-Naiman,532
Let's Take a Ride in the Country,Welcome Summer,4.0,Kathy Reid-Naiman,367
Listen and Learn,Welcome Summer,12.0,Kathy Reid-Naiman,375
Listen to the Water,More Tickles and Tunes,17.0,Kathy Reid-Naiman,53
Little Brass Wagon,More Tickles and Tunes,9.0,Kathy Reid-Naiman,45
Little Johnny Brown,Here We Go Zodeo,6.0,Kathy Reid-Naiman,439
Little Lap Dog ,On My Way to Dreamland,7.0,Kathy Reid-Naiman,141
Little Robin Red Breast,Spring is Coming,12.0,Kathy Reid-Naiman,394
London Hill,More Tickles and Tunes,29.0,Kathy Reid-Naiman,65
Love Grows,Reaching for the Stars,4.0,Kathy Reid-Naiman,157
"Lullaby, Lullaby",A Smooth Road to London Town,20.0,Kathy Reid-Naiman,127
Maggie's in the Weeds,Welcome Summer,11.0,Kathy Reid-Naiman,374
Maloney the Pony,Reaching for the Stars,9.0,Kathy Reid-Naiman,162
Maloney the Pony,"Zoom, Zoom Cuddle and Croon",20.0,Kathy Reid-Naiman,248
Mama's Little Baby loves Shortenin' Bread,Sally Go Round the Sun,31.0,Kathy Reid-Naiman,209
Mama's Sleeping,Spring is Coming,18.0,Kathy Reid-Naiman,400
"Maman , Papa et Oncle Simon",Savez-vous planter des choux?,,Kathy Reid-Naiman,526
Maman fait dodo,Savez-vous planter des choux?,,Kathy Reid-Naiman,537
Marjorie Mutton Pie,Tickles and Tunes,2.0,Kathy Reid-Naiman,2
Mary wore her red dress ,Tickles and Tunes,3.0,Kathy Reid-Naiman,3
May There Always Be Sunshine,Sally Go Round the Moon,1.0,Kathy Reid-Naiman,212
May we Soar Like Eagles,I love to Hear the Sounds,19.0,Kathy Reid-Naiman,302
Meunier tu dors,Savez-vous planter des choux?,,Kathy Reid-Naiman,527
Mice Rhymes,,3.0,Kathy Reid-Naiman,502
Mice Rhymes,Baby's Boat,3.0,Kathy Reid-Naiman,312
Mice Rhymes,Timeless Tickles and Tunes,3.0,Kathy Reid-Naiman,457
Michaud,It's a Beautiful Day,13 ,Kathy Reid-Naiman,431
Michaud,It's a Beautiful Day,13 ,Kathy Reid-Naiman,497
Michaud,Ça suffit pour s'amuser,,Kathy Reid-Naiman,550
Miss Polly,More Tickles and Tunes,27.0,Kathy Reid-Naiman,63
Mister Moon / The Cuckoo ,On My Way to Dreamland,3.0,Kathy Reid-Naiman,137
Mister Moon / The Cuckoo ,"Zoom, Zoom Cuddle and Croon",18.0,Kathy Reid-Naiman,246
Mix the Bannock,Sally Go Round the Sun,30.0,Kathy Reid-Naiman,208
Mon petit lapin a bien du chagrin,It's a Beautiful Day,3.0,Kathy Reid-Naiman,415
Mon petit lapin a bien du chagrin,It's a Beautiful Day,3.0,Kathy Reid-Naiman,481
Mon petit lapin a bien du chagrin,Ça suffit pour s'amuser,,Kathy Reid-Naiman,556
Monday Night the Banjo,Sally Go Round the Sun,6.0,Kathy Reid-Naiman,184
Morningtown Ride,Say Hello to the Morning,18.0,Kathy Reid-Naiman,90
Mosquitos,Spring is Coming,25.0,Kathy Reid-Naiman,407
Mother and Father and Uncle John,"Zoom, Zoom Cuddle and Croon",10.0,Kathy Reid-Naiman,238
Motorcycle Ride,,4.0,Kathy Reid-Naiman,503
Motorcycle Ride,Baby's Boat,4.0,Kathy Reid-Naiman,313
Motorcycle Ride,Timeless Tickles and Tunes,4.0,Kathy Reid-Naiman,458
Motorcycle Ride,Welcome Summer,3.0,Kathy Reid-Naiman,366
Mr Moon,Sally Go Round the Moon,6.0,Kathy Reid-Naiman,217
Mr. Rabbit,Sally Go Round the Sun,13.0,Kathy Reid-Naiman,191
Mr. Sun,Spring is Coming,2.0,Kathy Reid-Naiman,384
My Bonnie Lies Over the Ocean,Sally Go Round the Moon,2.0,Kathy Reid-Naiman,213
My Little Dog,Welcome Summer,10.0,Kathy Reid-Naiman,373
My Pigeon Coop ,On My Way to Dreamland,5.0,Kathy Reid-Naiman,139
My Pony Boy ,Say Hello to the Morning,6.0,Kathy Reid-Naiman,77
"Nage, nage, nage",Savez-vous planter des choux?,,Kathy Reid-Naiman,530
Nelly go cross,More Tickles and Tunes,1.0,Kathy Reid-Naiman,37
Och A Na Knee,Say Hello to the Morning,28.0,Kathy Reid-Naiman,100
Oh Children Ring Your Bells,I love to Hear the Sounds,11.0,Kathy Reid-Naiman,294
Old Bald Eagle,Here We Go Zodeo,15.0,Kathy Reid-Naiman,448
Old MacDonald's band,I love to Hear the Sounds,21.0,Kathy Reid-Naiman,304
Old Roger,Here We Go Zodeo,17.0,Kathy Reid-Naiman,450
On my Toe there is a flea,More Tickles and Tunes,24.0,Kathy Reid-Naiman,60
On My Way To Dreamland ,Baby's Boat,29.0,Kathy Reid-Naiman,338
On My Way To Dreamland ,On My Way to Dreamland,4.0,Kathy Reid-Naiman,138
One Button Two Buttons,Sally Go Round the Sun,14.0,Kathy Reid-Naiman,192
One Cold and Frosty Morning,Say Hello to the Morning,22.0,Kathy Reid-Naiman,94
Open Shut Them / I have 10 little fingers,More Tickles and Tunes,4.0,Kathy Reid-Naiman,40
Our Turkey Ran Away,Sing the Cold Winter Away,8.0,Kathy Reid-Naiman,264
Over in the Meadow,"Zoom, Zoom Cuddle and Croon",4.0,Kathy Reid-Naiman,232
Owl Moon,When Its Autumn,8.0,Kathy Reid-Naiman,347
Pace Goes the Lady,Sally Go Round the Sun,19.0,Kathy Reid-Naiman,197
Palm Tickles ,Tickles and Tunes,8.0,Kathy Reid-Naiman,8
Pat-a-cake,Spring is Coming,16.0,Kathy Reid-Naiman,398
Paw Paw Patch,Here We Go Zodeo,4.0,Kathy Reid-Naiman,437
"Peck, peck, peck goes the little red hen,",Sally Go Round the Sun,27.0,Kathy Reid-Naiman,205
Petit poisson,Savez-vous planter des choux?,,Kathy Reid-Naiman,543
Phoebe,Welcome Summer,5.0,Kathy Reid-Naiman,368
Picking Berries,Welcome Summer,15.0,Kathy Reid-Naiman,378
Picking buttercups,Reaching for the Stars,13.0,Kathy Reid-Naiman,166
Plum pudding,Sing the Cold Winter Away,7.0,Kathy Reid-Naiman,263
Pomme de reinette,Savez-vous planter des choux?,,Kathy Reid-Naiman,538
Pony Rides,Baby's Boat,25.0,Kathy Reid-Naiman,334
Poor Little Sandy Girl,Spring is Coming,26.0,Kathy Reid-Naiman,408
Prairie Lullaby,A Smooth Road to London Town,18.0,Kathy Reid-Naiman,125
Pretty Painted butterfly,A Smooth Road to London Town,7.0,Kathy Reid-Naiman,114
Princess,Here We Go Zodeo,10.0,Kathy Reid-Naiman,443
Pterodactyl Song,,11.0,Kathy Reid-Naiman,510
Pterodactyl Song,Baby's Boat,11.0,Kathy Reid-Naiman,320
Pterodactyl Song,Timeless Tickles and Tunes,11.0,Kathy Reid-Naiman,465
Pterodactyl Song ,Tickles and Tunes,20.0,Kathy Reid-Naiman,20
Puddles,Spring is Coming,20.0,Kathy Reid-Naiman,402
Pussy Willow,Spring is Coming,6.0,Kathy Reid-Naiman,388
Put on My Dancing Shoes,I love to Hear the Sounds,25.0,Kathy Reid-Naiman,308
Put one foot in front of the other,Sally Go Round the Sun,17.0,Kathy Reid-Naiman,195
Put your Shoes on Lucy,A Smooth Road to London Town,4.0,Kathy Reid-Naiman,111
Rags the Dog,A Smooth Road to London Town,13.0,Kathy Reid-Naiman,120
Raise Up Your Tiny Windows,,12.0,Kathy Reid-Naiman,511
Raise Up Your Tiny Windows,Baby's Boat,12.0,Kathy Reid-Naiman,321
Raise Up Your Tiny Windows,Timeless Tickles and Tunes,12.0,Kathy Reid-Naiman,466
Raise Up Your Tiny Windows (Miss Sue),Here We Go Zodeo,3.0,Kathy Reid-Naiman,436
Razzama Tazzama,More Tickles and Tunes,5.0,Kathy Reid-Naiman,41
Reaching for the Stars,Reaching for the Stars,10.0,Kathy Reid-Naiman,163
reindeer,Sing the Cold Winter Away,18.0,Kathy Reid-Naiman,274
Ride a Cock Horse,I love to Hear the Sounds,13.0,Kathy Reid-Naiman,296
Ride a Cock Horse/This is the Way,More Tickles and Tunes,20.0,Kathy Reid-Naiman,56
Ride away / Tommy O'Flynn / Mother and Father,Tickles and Tunes,33.0,Kathy Reid-Naiman,33
Rig a Jig Jig,A Smooth Road to London Town,3.0,Kathy Reid-Naiman,110
Ring around my Rosy,Spring is Coming,22.0,Kathy Reid-Naiman,404
Ring it in,Sing the Cold Winter Away,26.0,Kathy Reid-Naiman,282
Ring them on the floor (Jimmy Crack Corn),I love to Hear the Sounds,12.0,Kathy Reid-Naiman,295
"Ring, ring, ring your Bells",Sing the Cold Winter Away,12.0,Kathy Reid-Naiman,268
Rock a Bye Baby / Sleep Baby Sleep,A Smooth Road to London Town,21.0,Kathy Reid-Naiman,128
Rock Me Easy,A Smooth Road to London Town,19.0,Kathy Reid-Naiman,126
Rockabye  You ,A Smooth Road to London Town,22.0,Kathy Reid-Naiman,129
Rockin' my Baby,It's a Beautiful Day,7.0,Kathy Reid-Naiman,418
Rockin' my Baby,It's a Beautiful Day,7.0,Kathy Reid-Naiman,484
Roll that Pumpkin Down To Town,When Its Autumn,15.0,Kathy Reid-Naiman,354
"Roly Poly ever so slowly / Wind the Bobbin / Roly Poly in, in, in, -",Tickles and Tunes,5.0,Kathy Reid-Naiman,5
Rum Tum Tiddle,Sing the Cold Winter Away,5.0,Kathy Reid-Naiman,261
Rum Tum Tiddle,Tickles and Tunes,7.0,Kathy Reid-Naiman,7
Sailing Sailing Over the Ocean,A Smooth Road to London Town,10.0,Kathy Reid-Naiman,117
Sailing Sailing Over the Ocean,"Zoom, Zoom Cuddle and Croon",6.0,Kathy Reid-Naiman,234
Sally Go Round the Sun,,10.0,Kathy Reid-Naiman,509
Sally Go Round the Sun,Baby's Boat,10.0,Kathy Reid-Naiman,319
Sally Go Round the Sun,Sally Go Round the Sun,1.0,Kathy Reid-Naiman,179
Sally Go Round the Sun,Timeless Tickles and Tunes,10.0,Kathy Reid-Naiman,464
Sally go round the sun ,Tickles and Tunes,13.0,Kathy Reid-Naiman,13
Santa Claus with his long white beard,Sing the Cold Winter Away,17.0,Kathy Reid-Naiman,273
Sasha,Here We Go Zodeo,9.0,Kathy Reid-Naiman,442
Savez-vous planter des choux?,Savez-vous planter des choux?,,Kathy Reid-Naiman,529
Say Hello To The Morning,Say Hello to the Morning,1.0,Kathy Reid-Naiman,72
See My Fingers,Spring is Coming,23.0,Kathy Reid-Naiman,405
See saw Marjorie Daw / See Saw Sacradown,Say Hello to the Morning,2.0,Kathy Reid-Naiman,73
See the ponies,Tickles and Tunes,18.0,Kathy Reid-Naiman,18
See the Sleeping Bunnies,A Smooth Road to London Town,2.0,Kathy Reid-Naiman,109
Seed in the Ground,Spring is Coming,8.0,Kathy Reid-Naiman,390
Seven Jumps,Here We Go Zodeo,14.0,Kathy Reid-Naiman,447
Shake it to the east,Reaching for the Stars,22.0,Kathy Reid-Naiman,175
Shake That Little Foot Dinah O,Say Hello to the Morning,10.0,Kathy Reid-Naiman,81
Shake Them Simmons Down,Say Hello to the Morning,21.0,Kathy Reid-Naiman,93
Shake your shakers slowly,I love to Hear the Sounds,16.0,Kathy Reid-Naiman,299
"She Didn't Dance, Dance, Dance",A Smooth Road to London Town,8.0,Kathy Reid-Naiman,115
"She Didn't Dance, Dance, Dance","Zoom, Zoom Cuddle and Croon",14.0,Kathy Reid-Naiman,242
She Fell Into The Bathtub / 3 Jolly Gentlemen,Say Hello to the Morning,31.0,Kathy Reid-Naiman,103
Shepherd's Carol,Sing the Cold Winter Away,22.0,Kathy Reid-Naiman,278
Shiloh,I love to Hear the Sounds,24.0,Kathy Reid-Naiman,307
Shoo Fly,Sally Go Round the Sun,28.0,Kathy Reid-Naiman,206
Shoo Fly,"Zoom, Zoom Cuddle and Croon",11.0,Kathy Reid-Naiman,239
Shoofly,Tickles and Tunes,32.0,Kathy Reid-Naiman,32
Simple Gifts,A Smooth Road to London Town,16.0,Kathy Reid-Naiman,123
Skin and Bones,When Its Autumn,11.0,Kathy Reid-Naiman,350
Skip to my Loo ,Tickles and Tunes,16.0,Kathy Reid-Naiman,16
Sleep small baby sleep,Sally Go Round the Moon,15.0,Kathy Reid-Naiman,226
Sleeping Bunnies,Tickles and Tunes,12.0,Kathy Reid-Naiman,12
Sleeping Bunnies,"Zoom, Zoom Cuddle and Croon",9.0,Kathy Reid-Naiman,237
Slowly Garden Snail,"Zoom, Zoom Cuddle and Croon",5.0,Kathy Reid-Naiman,233
Smooth Road To London Town,A Smooth Road to London Town,5.0,Kathy Reid-Naiman,112
Snow Flakes,Sing the Cold Winter Away,1.0,Kathy Reid-Naiman,257
Snow On the Rooftops,,14.0,Kathy Reid-Naiman,513
Snow On the Rooftops,Baby's Boat,14.0,Kathy Reid-Naiman,323
Snow On the Rooftops,Sing the Cold Winter Away,4.0,Kathy Reid-Naiman,260
Snow On the Rooftops,Timeless Tickles and Tunes,14.0,Kathy Reid-Naiman,468
Snowflakes,,15.0,Kathy Reid-Naiman,514
Snowflakes,Baby's Boat,15.0,Kathy Reid-Naiman,324
Snowflakes,Timeless Tickles and Tunes,15.0,Kathy Reid-Naiman,469
Soloman Levi,Here We Go Zodeo,7.0,Kathy Reid-Naiman,440
Soup,I love to Hear the Sounds,22.0,Kathy Reid-Naiman,305
Spring is Coming,,16.0,Kathy Reid-Naiman,515
Spring is Coming,Baby's Boat,16.0,Kathy Reid-Naiman,325
Spring is Coming,Spring is Coming,1.0,Kathy Reid-Naiman,383
Spring is Coming,Timeless Tickles and Tunes,16.0,Kathy Reid-Naiman,470
Springtime Lullabye,Spring is Coming,4.0,Kathy Reid-Naiman,386
Stars Shining #1,Sing the Cold Winter Away,27.0,Kathy Reid-Naiman,283
Stroke The Bunny,It's a Beautiful Day,4.0,Kathy Reid-Naiman,416
Stroke The Bunny,It's a Beautiful Day,4.0,Kathy Reid-Naiman,482
Sugar Lamb,"Zoom, Zoom Cuddle and Croon",16.0,Kathy Reid-Naiman,244
Suppity Sup,Sally Go Round the Sun,32.0,Kathy Reid-Naiman,210
Sweet and Low,It's a Beautiful Day,21.0,Kathy Reid-Naiman,429
Sweet and Low,It's a Beautiful Day,21.0,Kathy Reid-Naiman,495
Sweet Kentucky Babe,On My Way to Dreamland,17.0,Kathy Reid-Naiman,151
Sweetest Little Baby,It's a Beautiful Day,2.0,Kathy Reid-Naiman,414
Sweetest Little Baby,It's a Beautiful Day,2.0,Kathy Reid-Naiman,480
"Swimming, Swimming  in the Swimming Pool",Welcome Summer,8.0,Kathy Reid-Naiman,371
Tall Trees,Baby's Boat,27.0,Kathy Reid-Naiman,336
Tall Trees,Sally Go Round the Moon,8.0,Kathy Reid-Naiman,219
Tape tape tape,Savez-vous planter des choux?,,Kathy Reid-Naiman,540
Ten Galloping Horses,Say Hello to the Morning,5.0,Kathy Reid-Naiman,76
Thanks A Lot,Sally Go Round the Sun,33.0,Kathy Reid-Naiman,211
Thanks A Lot,When Its Autumn,24.0,Kathy Reid-Naiman,363
The Baby Bear Waltz,Sally Go Round the Sun,8.0,Kathy Reid-Naiman,186
The Baby Bear Waltz,Say Hello to the Morning,27.0,Kathy Reid-Naiman,99
The Cold Winds Are Blowing,Reaching for the Stars,11.0,Kathy Reid-Naiman,164
The Cookie Song,It's a Beautiful Day,19.0,Kathy Reid-Naiman,427
The Cookie Song,It's a Beautiful Day,19.0,Kathy Reid-Naiman,493
The Fishing Song,Welcome Summer,6.0,Kathy Reid-Naiman,369
The Gate Swings Open,When Its Autumn,5.0,Kathy Reid-Naiman,344
The Little Cat,Reaching for the Stars,21.0,Kathy Reid-Naiman,174
The Little Mice Go Creeping,"Zoom, Zoom Cuddle and Croon",7.0,Kathy Reid-Naiman,235
The Meeting in the Building,Reaching for the Stars,23.0,Kathy Reid-Naiman,176
The Moon is a Pearl,Sally Go Round the Moon,14.0,Kathy Reid-Naiman,225
The Moon is Round ,"Zoom, Zoom Cuddle and Croon",19.0,Kathy Reid-Naiman,247
The Moon is Round / The Moonman,Say Hello to the Morning,34.0,Kathy Reid-Naiman,106
The Moonman,"Zoom, Zoom Cuddle and Croon",28.0,Kathy Reid-Naiman,256
The Most Glorious Day,,1.0,Kathy Reid-Naiman,500
The Most Glorious Day,Baby's Boat,1.0,Kathy Reid-Naiman,310
The Most Glorious Day,Timeless Tickles and Tunes,1.0,Kathy Reid-Naiman,455
The Pie Song,,19.0,Kathy Reid-Naiman,518
The Pie Song,Baby's Boat,19.0,Kathy Reid-Naiman,328
The Pie Song,Reaching for the Stars,16.0,Kathy Reid-Naiman,169
The Pie Song,Timeless Tickles and Tunes,19.0,Kathy Reid-Naiman,473
The Ponies are Walking,Sally Go Round the Sun,18.0,Kathy Reid-Naiman,196
The Ponies are Walking,Say Hello to the Morning,24.0,Kathy Reid-Naiman,96
The Solstice Song,Sing the Cold Winter Away,24.0,Kathy Reid-Naiman,280
The Swimming Song,Welcome Summer,7.0,Kathy Reid-Naiman,370
The Train Wheels are Rolling,,9.0,Kathy Reid-Naiman,508
The Train Wheels are Rolling,Baby's Boat,9.0,Kathy Reid-Naiman,318
The Train Wheels are Rolling,Say Hello to the Morning,16.0,Kathy Reid-Naiman,88
The Train Wheels are Rolling,Timeless Tickles and Tunes,9.0,Kathy Reid-Naiman,463
The Truck Song,,8.0,Kathy Reid-Naiman,507
The Truck Song,Baby's Boat,8.0,Kathy Reid-Naiman,317
The Truck Song,Timeless Tickles and Tunes,8.0,Kathy Reid-Naiman,462
The Turkey is a funny bird,When Its Autumn,6.0,Kathy Reid-Naiman,345
The Turkey Song,When Its Autumn,7.0,Kathy Reid-Naiman,346
The Wiggly Worm ,Spring is Coming,9.0,Kathy Reid-Naiman,391
There was a Little Boat,Reaching for the Stars,20.0,Kathy Reid-Naiman,173
There Was a Little Mouse/ Mouse and Cheese / Little mice go creeping,Say Hello to the Morning,20.0,Kathy Reid-Naiman,92
There was a Pig Went out to Dig,Sing the Cold Winter Away,15.0,Kathy Reid-Naiman,271
There's a Cobbler down the Street,More Tickles and Tunes,31.0,Kathy Reid-Naiman,67
There's a Spider on the Floor,When Its Autumn,21.0,Kathy Reid-Naiman,360
This Fine Old Woman,Welcome Summer,9.0,Kathy Reid-Naiman,372
This is the Boat,"Zoom, Zoom Cuddle and Croon",17.0,Kathy Reid-Naiman,245
This is the way me father taught me,Sally Go Round the Sun,7.0,Kathy Reid-Naiman,185
"This little boy found an egg,",Say Hello to the Morning,23.0,Kathy Reid-Naiman,95
This Little Cow Eats Grass,Tickles and Tunes,17.0,Kathy Reid-Naiman,17
This little pig had a rub-a-dub-dub / Let's go to the woods,Tickles and Tunes,10.0,Kathy Reid-Naiman,10
Thula,Spring is Coming,30.0,Kathy Reid-Naiman,412
Tideo,More Tickles and Tunes,13.0,Kathy Reid-Naiman,49
Tigers are Sleeping,When Its Autumn,18.0,Kathy Reid-Naiman,357
Time To Put Away ,Tickles and Tunes,26.0,Kathy Reid-Naiman,26
To Market To Market,Tickles and Tunes,11.0,Kathy Reid-Naiman,11
Toboggan Hill,It's a Beautiful Day,17.0,Kathy Reid-Naiman,426
Toboggan Hill,It's a Beautiful Day,17.0,Kathy Reid-Naiman,492
Toe Titley,More Tickles and Tunes,2.0,Kathy Reid-Naiman,38
Toe Tittly,,7.0,Kathy Reid-Naiman,506
Toe Tittly,Baby's Boat,7.0,Kathy Reid-Naiman,316
Toe Tittly,Timeless Tickles and Tunes,7.0,Kathy Reid-Naiman,461
Toe Trip And Go,Say Hello to the Morning,11.0,Kathy Reid-Naiman,82
Tom Thumb,Reaching for the Stars,24.0,Kathy Reid-Naiman,177
Tommy Thumb,Sally Go Round the Sun,10.0,Kathy Reid-Naiman,188
Tommy Thumb is up,Tickles and Tunes,9.0,Kathy Reid-Naiman,9
Tomorrow's Just a Dream Away,Spring is Coming,29.0,Kathy Reid-Naiman,411
Tout la-haut,Ça suffit pour s'amuser,,Kathy Reid-Naiman,549
Train is A'leaving,Say Hello to the Morning,35.0,Kathy Reid-Naiman,107
Trit trot to Boston  ,Tickles and Tunes,19.0,Kathy Reid-Naiman,19
Trot Trot to Grandma's House,It's a Beautiful Day,12 ,Kathy Reid-Naiman,430
Trot Trot to Grandma's House,It's a Beautiful Day,12 ,Kathy Reid-Naiman,496
"Trotte, trotte",Savez-vous planter des choux?,,Kathy Reid-Naiman,535
Truck Song,Reaching for the Stars,6.0,Kathy Reid-Naiman,159
Tumbledown Hill,"Zoom, Zoom Cuddle and Croon",15.0,Kathy Reid-Naiman,243
Turn Around ,On My Way to Dreamland,11.0,Kathy Reid-Naiman,145
"Un bateau, Mamie, Mamie",Savez-vous planter des choux?,,Kathy Reid-Naiman,531
Un jour dans sa cabane,It's a Beautiful Day,6.0,Kathy Reid-Naiman,417
Un jour dans sa cabane,It's a Beautiful Day,6.0,Kathy Reid-Naiman,483
Un jour dans sa cabane-,Ça suffit pour s'amuser,,Kathy Reid-Naiman,545
Un p'tit pouce qui marche,Ça suffit pour s'amuser,,Kathy Reid-Naiman,544
Un singe et un chien,Ça suffit pour s'amuser,,Kathy Reid-Naiman,553
Un éléphant,Savez-vous planter des choux?,,Kathy Reid-Naiman,534
Up and Down the Rocky Road,Sally Go Round the Sun,2.0,Kathy Reid-Naiman,180
Up and Over the Moon!,Sally Go Round the Moon,4.0,Kathy Reid-Naiman,215
Voici un bonhomme de neige,Ça suffit pour s'amuser,,Kathy Reid-Naiman,555
Wahoo Wahoo Wahoo,Welcome Summer,2.0,Kathy Reid-Naiman,365
Walk Daniel ,More Tickles and Tunes,33.0,Kathy Reid-Naiman,68
Walk Horsey Walk,Reaching for the Stars,18.0,Kathy Reid-Naiman,171
Walk Old  Squirrel,When Its Autumn,3.0,Kathy Reid-Naiman,342
Walk Through the Farmyard,Sally Go Round the Sun,24.0,Kathy Reid-Naiman,202
Watch the Stars See How They Run,A Smooth Road to London Town,15.0,Kathy Reid-Naiman,122
Watch the Stars See How They Run,"Zoom, Zoom Cuddle and Croon",22.0,Kathy Reid-Naiman,250
Way Down Yonder in the Brickyard,Here We Go Zodeo,12.0,Kathy Reid-Naiman,445
We can play on our violins,I love to Hear the Sounds,15.0,Kathy Reid-Naiman,298
We're floating down the river,Here We Go Zodeo,13.0,Kathy Reid-Naiman,446
We're Going to the Market,I love to Hear the Sounds,17.0,Kathy Reid-Naiman,300
We're Jumping,,24.0,Kathy Reid-Naiman,523
We're Jumping,Baby's Boat,24.0,Kathy Reid-Naiman,333
We're Jumping,Spring is Coming,21.0,Kathy Reid-Naiman,403
We're Jumping,Timeless Tickles and Tunes,24.0,Kathy Reid-Naiman,478
"We're tapping, ringing, shaking",Reaching for the Stars,7.0,Kathy Reid-Naiman,160
We're walking walking walking,I love to Hear the Sounds,20.0,Kathy Reid-Naiman,303
Wee Baby Moon ,On My Way to Dreamland,18.0,Kathy Reid-Naiman,152
Wee Willie Winkie,I love to Hear the Sounds,23.0,Kathy Reid-Naiman,306
Welcome Here,Sing the Cold Winter Away,25.0,Kathy Reid-Naiman,281
Welcome Summer,,17.0,Kathy Reid-Naiman,516
Welcome Summer,Baby's Boat,17.0,Kathy Reid-Naiman,326
Welcome Summer,Timeless Tickles and Tunes,17.0,Kathy Reid-Naiman,471
Welcome Summer,Welcome Summer,1.0,Kathy Reid-Naiman,364
What are you Wearing,Say Hello to the Morning,3.0,Kathy Reid-Naiman,74
What Do You Suppose?/ Bee Freeze ,Spring is Coming,24.0,Kathy Reid-Naiman,406
What will we Do,,21.0,Kathy Reid-Naiman,520
What will we Do,Baby's Boat,21.0,Kathy Reid-Naiman,330
What will we Do,Timeless Tickles and Tunes,21.0,Kathy Reid-Naiman,475
When Its Autumn,When Its Autumn,1.0,Kathy Reid-Naiman,340
When the day is over and the sun goes down,Sally Go Round the Moon,3.0,Kathy Reid-Naiman,214
When The Rain Comes Down,Tickles and Tunes,22.0,Kathy Reid-Naiman,22
When You're one,I love to Hear the Sounds,8.0,Kathy Reid-Naiman,291
When you're One,Tickles and Tunes,25.0,Kathy Reid-Naiman,25
Where are the Froggies?,Spring is Coming,13.0,Kathy Reid-Naiman,395
Where are the Stars,Sally Go Round the Moon,11.0,Kathy Reid-Naiman,222
Who's That Sitting There,More Tickles and Tunes,7.0,Kathy Reid-Naiman,43
Wibbleton to Wobbleton/ Trumpety Trumpety trump,More Tickles and Tunes,16.0,Kathy Reid-Naiman,52
Wiggle Your Fingers ,It's a Beautiful Day,5 ,Kathy Reid-Naiman,433
Wiggle Your Fingers ,It's a Beautiful Day,5 ,Kathy Reid-Naiman,499
Wild Bee,Welcome Summer,13.0,Kathy Reid-Naiman,376
With a Tick and a Tock / My Grandfather Clock,Reaching for the Stars,17.0,Kathy Reid-Naiman,170
With a Tick and a Tock / My Grandfather Clock,"Zoom, Zoom Cuddle and Croon",13.0,Kathy Reid-Naiman,241
Wobbi-Do-Wop,More Tickles and Tunes,34.0,Kathy Reid-Naiman,69
Won't You Plant Your Seeds With Care,Say Hello to the Morning,8.0,Kathy Reid-Naiman,79
X Marks the Spot,More Tickles and Tunes,12.0,Kathy Reid-Naiman,48
Yo te amo ,Sally Go Round the Moon,7.0,Kathy Reid-Naiman,218
You Are My Sunshine,Sally Go Round the Moon,5.0,Kathy Reid-Naiman,216
You Can Shake,It's a Beautiful Day,14.0,Kathy Reid-Naiman,423
You Can Shake,It's a Beautiful Day,14.0,Kathy Reid-Naiman,489
"Zoom, Zoom, Zoom",A Smooth Road to London Town,14.0,Kathy Reid-Naiman,121
"Zoom, Zoom, Zoom",Say Hello to the Morning,33.0,Kathy Reid-Naiman,105
"Zoom, Zoom, Zoom","Zoom, Zoom Cuddle and Croon",8.0,Kathy Reid-Naiman,236
