row_num|song_id|song_name|theme|suggested_cu_id|subject|lesson_topic|relevance|teacher_rationale
|244|Sugar Lamb|Animals, Bedtime & Lullaby|CU#124|Literacy & Phonics — Self-Regulation Practice|Guided breathing / breath counting|primary|Lullaby rhythm naturally supports paced breathing and calming self-regulation
|244|Sugar Lamb|Animals, Bedtime & Lullaby|CU#125|Literacy & Phonics — Self-Regulation Practice|Simple mindfulness / body-scan awareness|primary|Lullabies promote body relaxation and present-moment awareness
|244|Sugar Lamb|Animals, Bedtime & Lullaby|CU#126|Literacy & Phonics — Self-Regulation Practice|"Self-selected calming strategy (""calm corner"" routine)"|secondary|Lullabies can be used as a go-to calming strategy during transitions or stress
|244|Sugar Lamb|Animals, Bedtime & Lullaby|CU#259|SEL|Using strategies to manage stress and impulses (breathing, calm-down)|secondary|Soothing melodies help children self-regulate and manage stress
|355|Halloween farm|Animals, Farm, Holidays & Celebrations|CU#185|Literacy & Phonics — Reading Comprehension|Identify characters, settings, major events|primary|Halloween characters and settings (jack-o-lantern, costumes, haunted house) build narrative comprehension
|355|Halloween farm|Animals, Farm, Holidays & Celebrations|CU#186|Literacy & Phonics — Reading Comprehension|Ask and answer questions about key details|secondary|Describing Halloween objects encourages questioning and detail recall
|355|Halloween farm|Animals, Farm, Holidays & Celebrations|CU#76|Literacy & Phonics — Speaking & Listening|Tell a story or recount an experience with facts and descriptive details|secondary|Recounting Halloween experiences develops narrative language and sequencing skills
|355|Halloween farm|Animals, Farm, Holidays & Celebrations|CU#127|Literacy & Phonics — Self-Regulation Practice|Reflection / gratitude practice|secondary|Halloween traditions encourage gratitude and community participation
|147|Kitty Alone|Animals, Feelings & Emotions|CU#258|SEL|Identifying and naming a range of emotions|primary|Song content directly explores and names emotional states, building emotional vocabulary
|147|Kitty Alone|Animals, Feelings & Emotions|CU#127|Literacy & Phonics — Self-Regulation Practice|Reflection / gratitude practice|secondary|Emotion-themed songs encourage reflection on personal feelings and experiences
|147|Kitty Alone|Animals, Feelings & Emotions|CU#261|SEL|Recognizing and respecting others' perspectives|secondary|Understanding a lonely animal's feelings builds empathy and perspective-taking
|274|reindeer|Animals, Holidays & Celebrations|CU#127|Literacy & Phonics — Self-Regulation Practice|Reflection / gratitude practice|primary|Celebration songs encourage gratitude, positive reflection, and community joy
|274|reindeer|Animals, Holidays & Celebrations|CU#261|SEL|Recognizing and respecting others' perspectives|secondary|Celebrating together builds community awareness and respect for shared traditions
|274|reindeer|Animals, Holidays & Celebrations|CU#263|SEL|Working cooperatively and resolving simple conflicts|secondary|Group celebrations foster cooperation, turn-taking, and shared experience
|274|reindeer|Animals, Holidays & Celebrations|CU#185|Literacy & Phonics — Reading Comprehension|Identify characters, settings, major events|primary|Reindeer as holiday character builds narrative comprehension of holiday traditions
|274|reindeer|Animals, Holidays & Celebrations|CU#70|Literacy & Phonics — Speaking & Listening|Describe people, places, things, events with relevant details|secondary|Describing reindeer features and holiday role develops descriptive language skills
|395|Where are the Froggies?|Animals, Numbers & Counting|CU#11|Math & Numeracy|Count to 50 starting at any number; read and write numbers to 50 (Gr 1)|primary|Counting frogs in various positions reinforces number sequence and positional language
|395|Where are the Froggies?|Animals, Numbers & Counting|CU#24|Math & Numeracy|Represent and interpret data with up to 3 categories (Gr 1)|secondary|Tracking frog locations (pond, lily pad, bank) supports basic data collection
|239|Shoo Fly|Animals, Routines & Social Skills|CU#209|Classroom Routine & Approaches to Learning|Transitioning between activities/subjects|primary|Transition song helps children shift focus and prepare for next activity or subject
|239|Shoo Fly|Animals, Routines & Social Skills|CU#210|Classroom Routine & Approaches to Learning|Following 2-3 step verbal directions|secondary|Song lyrics with action cues practice following multi-step directions
|125|Prairie Lullaby|Bedtime & Lullaby|CU#124|Literacy & Phonics — Self-Regulation Practice|Guided breathing / breath counting|primary|Lullaby rhythm naturally supports paced breathing and calming self-regulation
|125|Prairie Lullaby|Bedtime & Lullaby|CU#125|Literacy & Phonics — Self-Regulation Practice|Simple mindfulness / body-scan awareness|primary|Lullabies promote body relaxation and present-moment awareness
|125|Prairie Lullaby|Bedtime & Lullaby|CU#126|Literacy & Phonics — Self-Regulation Practice|"Self-selected calming strategy (""calm corner"" routine)"|secondary|Lullabies can be used as a go-to calming strategy during transitions or stress
|125|Prairie Lullaby|Bedtime & Lullaby|CU#259|SEL|Using strategies to manage stress and impulses (breathing, calm-down)|secondary|Soothing melodies help children self-regulate and manage stress
|126|Rock Me Easy|Bedtime & Lullaby|CU#124|Literacy & Phonics — Self-Regulation Practice|Guided breathing / breath counting|primary|Lullaby rhythm naturally supports paced breathing and calming self-regulation
|126|Rock Me Easy|Bedtime & Lullaby|CU#125|Literacy & Phonics — Self-Regulation Practice|Simple mindfulness / body-scan awareness|primary|Lullabies promote body relaxation and present-moment awareness
|126|Rock Me Easy|Bedtime & Lullaby|CU#126|Literacy & Phonics — Self-Regulation Practice|"Self-selected calming strategy (""calm corner"" routine)"|secondary|Lullabies can be used as a go-to calming strategy during transitions or stress
|126|Rock Me Easy|Bedtime & Lullaby|CU#259|SEL|Using strategies to manage stress and impulses (breathing, calm-down)|secondary|Soothing melodies help children self-regulate and manage stress
|127|Lullaby, Lullaby|Bedtime & Lullaby|CU#124|Literacy & Phonics — Self-Regulation Practice|Guided breathing / breath counting|primary|Lullaby rhythm naturally supports paced breathing and calming self-regulation
|127|Lullaby, Lullaby|Bedtime & Lullaby|CU#125|Literacy & Phonics — Self-Regulation Practice|Simple mindfulness / body-scan awareness|primary|Lullabies promote body relaxation and present-moment awareness
|127|Lullaby, Lullaby|Bedtime & Lullaby|CU#126|Literacy & Phonics — Self-Regulation Practice|"Self-selected calming strategy (""calm corner"" routine)"|secondary|Lullabies can be used as a go-to calming strategy during transitions or stress
|127|Lullaby, Lullaby|Bedtime & Lullaby|CU#259|SEL|Using strategies to manage stress and impulses (breathing, calm-down)|secondary|Soothing melodies help children self-regulate and manage stress
|129|Rockabye  You|Bedtime & Lullaby|CU#124|Literacy & Phonics — Self-Regulation Practice|Guided breathing / breath counting|primary|Lullaby rhythm naturally supports paced breathing and calming self-regulation
|129|Rockabye  You|Bedtime & Lullaby|CU#125|Literacy & Phonics — Self-Regulation Practice|Simple mindfulness / body-scan awareness|primary|Lullabies promote body relaxation and present-moment awareness
|129|Rockabye  You|Bedtime & Lullaby|CU#126|Literacy & Phonics — Self-Regulation Practice|"Self-selected calming strategy (""calm corner"" routine)"|secondary|Lullabies can be used as a go-to calming strategy during transitions or stress
|129|Rockabye  You|Bedtime & Lullaby|CU#259|SEL|Using strategies to manage stress and impulses (breathing, calm-down)|secondary|Soothing melodies help children self-regulate and manage stress
|134|Goodnight Ladies|Bedtime & Lullaby|CU#124|Literacy & Phonics — Self-Regulation Practice|Guided breathing / breath counting|primary|Lullaby rhythm naturally supports paced breathing and calming self-regulation
|134|Goodnight Ladies|Bedtime & Lullaby|CU#125|Literacy & Phonics — Self-Regulation Practice|Simple mindfulness / body-scan awareness|primary|Lullabies promote body relaxation and present-moment awareness
|134|Goodnight Ladies|Bedtime & Lullaby|CU#126|Literacy & Phonics — Self-Regulation Practice|"Self-selected calming strategy (""calm corner"" routine)"|secondary|Lullabies can be used as a go-to calming strategy during transitions or stress
|134|Goodnight Ladies|Bedtime & Lullaby|CU#259|SEL|Using strategies to manage stress and impulses (breathing, calm-down)|secondary|Soothing melodies help children self-regulate and manage stress
|134|Goodnight Ladies|Bedtime & Lullaby|CU#127|Literacy & Phonics — Self-Regulation Practice|Reflection / gratitude practice|secondary|Saying goodnight to each person encourages reflection on the day and gratitude
|134|Goodnight Ladies|Bedtime & Lullaby|CU#213|Classroom Routine & Approaches to Learning|Clean-up and end-of-day routine|secondary|Goodnight song signals end-of-day transition and classroom closure
|138|On My Way To Dreamland|Bedtime & Lullaby|CU#124|Literacy & Phonics — Self-Regulation Practice|Guided breathing / breath counting|primary|Lullaby rhythm naturally supports paced breathing and calming self-regulation
|138|On My Way To Dreamland|Bedtime & Lullaby|CU#125|Literacy & Phonics — Self-Regulation Practice|Simple mindfulness / body-scan awareness|primary|Lullabies promote body relaxation and present-moment awareness
|138|On My Way To Dreamland|Bedtime & Lullaby|CU#126|Literacy & Phonics — Self-Regulation Practice|"Self-selected calming strategy (""calm corner"" routine)"|secondary|Lullabies can be used as a go-to calming strategy during transitions or stress
|138|On My Way To Dreamland|Bedtime & Lullaby|CU#259|SEL|Using strategies to manage stress and impulses (breathing, calm-down)|secondary|Soothing melodies help children self-regulate and manage stress
|140|Cowgirl's Lullaby|Bedtime & Lullaby|CU#124|Literacy & Phonics — Self-Regulation Practice|Guided breathing / breath counting|primary|Lullaby rhythm naturally supports paced breathing and calming self-regulation
|140|Cowgirl's Lullaby|Bedtime & Lullaby|CU#125|Literacy & Phonics — Self-Regulation Practice|Simple mindfulness / body-scan awareness|primary|Lullabies promote body relaxation and present-moment awareness
|140|Cowgirl's Lullaby|Bedtime & Lullaby|CU#126|Literacy & Phonics — Self-Regulation Practice|"Self-selected calming strategy (""calm corner"" routine)"|secondary|Lullabies can be used as a go-to calming strategy during transitions or stress
|140|Cowgirl's Lullaby|Bedtime & Lullaby|CU#259|SEL|Using strategies to manage stress and impulses (breathing, calm-down)|secondary|Soothing melodies help children self-regulate and manage stress
|142|Lavender's Blue|Bedtime & Lullaby|CU#124|Literacy & Phonics — Self-Regulation Practice|Guided breathing / breath counting|primary|Lullaby rhythm naturally supports paced breathing and calming self-regulation
|142|Lavender's Blue|Bedtime & Lullaby|CU#125|Literacy & Phonics — Self-Regulation Practice|Simple mindfulness / body-scan awareness|primary|Lullabies promote body relaxation and present-moment awareness
|142|Lavender's Blue|Bedtime & Lullaby|CU#126|Literacy & Phonics — Self-Regulation Practice|"Self-selected calming strategy (""calm corner"" routine)"|secondary|Lullabies can be used as a go-to calming strategy during transitions or stress
|142|Lavender's Blue|Bedtime & Lullaby|CU#259|SEL|Using strategies to manage stress and impulses (breathing, calm-down)|secondary|Soothing melodies help children self-regulate and manage stress
|144|Goodnight Beloved Mine|Bedtime & Lullaby|CU#124|Literacy & Phonics — Self-Regulation Practice|Guided breathing / breath counting|primary|Lullaby rhythm naturally supports paced breathing and calming self-regulation
|144|Goodnight Beloved Mine|Bedtime & Lullaby|CU#125|Literacy & Phonics — Self-Regulation Practice|Simple mindfulness / body-scan awareness|primary|Lullabies promote body relaxation and present-moment awareness
|144|Goodnight Beloved Mine|Bedtime & Lullaby|CU#126|Literacy & Phonics — Self-Regulation Practice|"Self-selected calming strategy (""calm corner"" routine)"|secondary|Lullabies can be used as a go-to calming strategy during transitions or stress
|144|Goodnight Beloved Mine|Bedtime & Lullaby|CU#259|SEL|Using strategies to manage stress and impulses (breathing, calm-down)|secondary|Soothing melodies help children self-regulate and manage stress
|224|Goes to Sleep|Bedtime & Lullaby|CU#124|Literacy & Phonics — Self-Regulation Practice|Guided breathing / breath counting|primary|Lullaby rhythm naturally supports paced breathing and calming self-regulation
|224|Goes to Sleep|Bedtime & Lullaby|CU#125|Literacy & Phonics — Self-Regulation Practice|Simple mindfulness / body-scan awareness|primary|Lullabies promote body relaxation and present-moment awareness
|224|Goes to Sleep|Bedtime & Lullaby|CU#126|Literacy & Phonics — Self-Regulation Practice|"Self-selected calming strategy (""calm corner"" routine)"|secondary|Lullabies can be used as a go-to calming strategy during transitions or stress
|224|Goes to Sleep|Bedtime & Lullaby|CU#259|SEL|Using strategies to manage stress and impulses (breathing, calm-down)|secondary|Soothing melodies help children self-regulate and manage stress
|338|On My Way To Dreamland|Bedtime & Lullaby|CU#124|Literacy & Phonics — Self-Regulation Practice|Guided breathing / breath counting|primary|Lullaby rhythm naturally supports paced breathing and calming self-regulation
|338|On My Way To Dreamland|Bedtime & Lullaby|CU#125|Literacy & Phonics — Self-Regulation Practice|Simple mindfulness / body-scan awareness|primary|Lullabies promote body relaxation and present-moment awareness
|338|On My Way To Dreamland|Bedtime & Lullaby|CU#126|Literacy & Phonics — Self-Regulation Practice|"Self-selected calming strategy (""calm corner"" routine)"|secondary|Lullabies can be used as a go-to calming strategy during transitions or stress
|338|On My Way To Dreamland|Bedtime & Lullaby|CU#259|SEL|Using strategies to manage stress and impulses (breathing, calm-down)|secondary|Soothing melodies help children self-regulate and manage stress
|409|Ako Si Legla Spat|Bedtime & Lullaby|CU#124|Literacy & Phonics — Self-Regulation Practice|Guided breathing / breath counting|primary|Lullaby rhythm naturally supports paced breathing and calming self-regulation
|409|Ako Si Legla Spat|Bedtime & Lullaby|CU#125|Literacy & Phonics — Self-Regulation Practice|Simple mindfulness / body-scan awareness|primary|Lullabies promote body relaxation and present-moment awareness
|409|Ako Si Legla Spat|Bedtime & Lullaby|CU#126|Literacy & Phonics — Self-Regulation Practice|"Self-selected calming strategy (""calm corner"" routine)"|secondary|Lullabies can be used as a go-to calming strategy during transitions or stress
|409|Ako Si Legla Spat|Bedtime & Lullaby|CU#259|SEL|Using strategies to manage stress and impulses (breathing, calm-down)|secondary|Soothing melodies help children self-regulate and manage stress
|412|Thula|Bedtime & Lullaby|CU#124|Literacy & Phonics — Self-Regulation Practice|Guided breathing / breath counting|primary|Lullaby rhythm naturally supports paced breathing and calming self-regulation
|412|Thula|Bedtime & Lullaby|CU#125|Literacy & Phonics — Self-Regulation Practice|Simple mindfulness / body-scan awareness|primary|Lullabies promote body relaxation and present-moment awareness
|412|Thula|Bedtime & Lullaby|CU#126|Literacy & Phonics — Self-Regulation Practice|"Self-selected calming strategy (""calm corner"" routine)"|secondary|Lullabies can be used as a go-to calming strategy during transitions or stress
|412|Thula|Bedtime & Lullaby|CU#259|SEL|Using strategies to manage stress and impulses (breathing, calm-down)|secondary|Soothing melodies help children self-regulate and manage stress
|429|Sweet and Low|Bedtime & Lullaby|CU#124|Literacy & Phonics — Self-Regulation Practice|Guided breathing / breath counting|primary|Lullaby rhythm naturally supports paced breathing and calming self-regulation
|429|Sweet and Low|Bedtime & Lullaby|CU#125|Literacy & Phonics — Self-Regulation Practice|Simple mindfulness / body-scan awareness|primary|Lullabies promote body relaxation and present-moment awareness
|429|Sweet and Low|Bedtime & Lullaby|CU#126|Literacy & Phonics — Self-Regulation Practice|"Self-selected calming strategy (""calm corner"" routine)"|secondary|Lullabies can be used as a go-to calming strategy during transitions or stress
|429|Sweet and Low|Bedtime & Lullaby|CU#259|SEL|Using strategies to manage stress and impulses (breathing, calm-down)|secondary|Soothing melodies help children self-regulate and manage stress
|495|Sweet and Low|Bedtime & Lullaby|CU#124|Literacy & Phonics — Self-Regulation Practice|Guided breathing / breath counting|primary|Lullaby rhythm naturally supports paced breathing and calming self-regulation
|495|Sweet and Low|Bedtime & Lullaby|CU#125|Literacy & Phonics — Self-Regulation Practice|Simple mindfulness / body-scan awareness|primary|Lullabies promote body relaxation and present-moment awareness
|495|Sweet and Low|Bedtime & Lullaby|CU#126|Literacy & Phonics — Self-Regulation Practice|"Self-selected calming strategy (""calm corner"" routine)"|secondary|Lullabies can be used as a go-to calming strategy during transitions or stress
|495|Sweet and Low|Bedtime & Lullaby|CU#259|SEL|Using strategies to manage stress and impulses (breathing, calm-down)|secondary|Soothing melodies help children self-regulate and manage stress
|528|Fais do do|Bedtime & Lullaby|CU#124|Literacy & Phonics — Self-Regulation Practice|Guided breathing / breath counting|primary|Lullaby rhythm naturally supports paced breathing and calming self-regulation
|528|Fais do do|Bedtime & Lullaby|CU#125|Literacy & Phonics — Self-Regulation Practice|Simple mindfulness / body-scan awareness|primary|Lullabies promote body relaxation and present-moment awareness
|528|Fais do do|Bedtime & Lullaby|CU#126|Literacy & Phonics — Self-Regulation Practice|"Self-selected calming strategy (""calm corner"" routine)"|secondary|Lullabies can be used as a go-to calming strategy during transitions or stress
|528|Fais do do|Bedtime & Lullaby|CU#259|SEL|Using strategies to manage stress and impulses (breathing, calm-down)|secondary|Soothing melodies help children self-regulate and manage stress
|410|Close your eyes and Dream|Bedtime & Lullaby, Body Parts, Feelings & Emotions|CU#124|Literacy & Phonics — Self-Regulation Practice|Guided breathing / breath counting|primary|Lullaby rhythm naturally supports paced breathing and calming self-regulation
|410|Close your eyes and Dream|Bedtime & Lullaby, Body Parts, Feelings & Emotions|CU#125|Literacy & Phonics — Self-Regulation Practice|Simple mindfulness / body-scan awareness|primary|Lullabies promote body relaxation and present-moment awareness
|410|Close your eyes and Dream|Bedtime & Lullaby, Body Parts, Feelings & Emotions|CU#126|Literacy & Phonics — Self-Regulation Practice|"Self-selected calming strategy (""calm corner"" routine)"|secondary|Lullabies can be used as a go-to calming strategy during transitions or stress
|410|Close your eyes and Dream|Bedtime & Lullaby, Body Parts, Feelings & Emotions|CU#259|SEL|Using strategies to manage stress and impulses (breathing, calm-down)|secondary|Soothing melodies help children self-regulate and manage stress
|410|Close your eyes and Dream|Bedtime & Lullaby, Body Parts, Feelings & Emotions|CU#258|SEL|Identifying and naming a range of emotions|secondary|Lullabies with emotional content help children identify peaceful and calm feelings
|151|Sweet Kentucky Babe|Bedtime & Lullaby, Cultural & Folk|CU#124|Literacy & Phonics — Self-Regulation Practice|Guided breathing / breath counting|primary|Lullaby rhythm naturally supports paced breathing and calming self-regulation
|151|Sweet Kentucky Babe|Bedtime & Lullaby, Cultural & Folk|CU#125|Literacy & Phonics — Self-Regulation Practice|Simple mindfulness / body-scan awareness|primary|Lullabies promote body relaxation and present-moment awareness
|151|Sweet Kentucky Babe|Bedtime & Lullaby, Cultural & Folk|CU#126|Literacy & Phonics — Self-Regulation Practice|"Self-selected calming strategy (""calm corner"" routine)"|secondary|Lullabies can be used as a go-to calming strategy during transitions or stress
|151|Sweet Kentucky Babe|Bedtime & Lullaby, Cultural & Folk|CU#259|SEL|Using strategies to manage stress and impulses (breathing, calm-down)|secondary|Soothing melodies help children self-regulate and manage stress
|124|Hush Little Baby|Bedtime & Lullaby, Family|CU#124|Literacy & Phonics — Self-Regulation Practice|Guided breathing / breath counting|primary|Lullaby rhythm naturally supports paced breathing and calming self-regulation
|124|Hush Little Baby|Bedtime & Lullaby, Family|CU#125|Literacy & Phonics — Self-Regulation Practice|Simple mindfulness / body-scan awareness|primary|Lullabies promote body relaxation and present-moment awareness
|124|Hush Little Baby|Bedtime & Lullaby, Family|CU#126|Literacy & Phonics — Self-Regulation Practice|"Self-selected calming strategy (""calm corner"" routine)"|secondary|Lullabies can be used as a go-to calming strategy during transitions or stress
|124|Hush Little Baby|Bedtime & Lullaby, Family|CU#259|SEL|Using strategies to manage stress and impulses (breathing, calm-down)|secondary|Soothing melodies help children self-regulate and manage stress
|124|Hush Little Baby|Bedtime & Lullaby, Family|CU#127|Literacy & Phonics — Self-Regulation Practice|Reflection / gratitude practice|secondary|Family-themed lullabies foster gratitude for caregivers and loved ones
|128|Rock a Bye Baby / Sleep Baby Sleep|Bedtime & Lullaby, Family|CU#124|Literacy & Phonics — Self-Regulation Practice|Guided breathing / breath counting|primary|Lullaby rhythm naturally supports paced breathing and calming self-regulation
|128|Rock a Bye Baby / Sleep Baby Sleep|Bedtime & Lullaby, Family|CU#125|Literacy & Phonics — Self-Regulation Practice|Simple mindfulness / body-scan awareness|primary|Lullabies promote body relaxation and present-moment awareness
|128|Rock a Bye Baby / Sleep Baby Sleep|Bedtime & Lullaby, Family|CU#126|Literacy & Phonics — Self-Regulation Practice|"Self-selected calming strategy (""calm corner"" routine)"|secondary|Lullabies can be used as a go-to calming strategy during transitions or stress
|128|Rock a Bye Baby / Sleep Baby Sleep|Bedtime & Lullaby, Family|CU#259|SEL|Using strategies to manage stress and impulses (breathing, calm-down)|secondary|Soothing melodies help children self-regulate and manage stress
|128|Rock a Bye Baby / Sleep Baby Sleep|Bedtime & Lullaby, Family|CU#127|Literacy & Phonics — Self-Regulation Practice|Reflection / gratitude practice|secondary|Family-themed lullabies foster gratitude for caregivers and loved ones
|146|Bye O Baby Bye|Bedtime & Lullaby, Family|CU#124|Literacy & Phonics — Self-Regulation Practice|Guided breathing / breath counting|primary|Lullaby rhythm naturally supports paced breathing and calming self-regulation
|146|Bye O Baby Bye|Bedtime & Lullaby, Family|CU#125|Literacy & Phonics — Self-Regulation Practice|Simple mindfulness / body-scan awareness|primary|Lullabies promote body relaxation and present-moment awareness
|146|Bye O Baby Bye|Bedtime & Lullaby, Family|CU#126|Literacy & Phonics — Self-Regulation Practice|"Self-selected calming strategy (""calm corner"" routine)"|secondary|Lullabies can be used as a go-to calming strategy during transitions or stress
|146|Bye O Baby Bye|Bedtime & Lullaby, Family|CU#259|SEL|Using strategies to manage stress and impulses (breathing, calm-down)|secondary|Soothing melodies help children self-regulate and manage stress
|146|Bye O Baby Bye|Bedtime & Lullaby, Family|CU#127|Literacy & Phonics — Self-Regulation Practice|Reflection / gratitude practice|secondary|Family-themed lullabies foster gratitude for caregivers and loved ones
|150|Bye Baby Bye|Bedtime & Lullaby, Family|CU#124|Literacy & Phonics — Self-Regulation Practice|Guided breathing / breath counting|primary|Lullaby rhythm naturally supports paced breathing and calming self-regulation
|150|Bye Baby Bye|Bedtime & Lullaby, Family|CU#125|Literacy & Phonics — Self-Regulation Practice|Simple mindfulness / body-scan awareness|primary|Lullabies promote body relaxation and present-moment awareness
|150|Bye Baby Bye|Bedtime & Lullaby, Family|CU#126|Literacy & Phonics — Self-Regulation Practice|"Self-selected calming strategy (""calm corner"" routine)"|secondary|Lullabies can be used as a go-to calming strategy during transitions or stress
|150|Bye Baby Bye|Bedtime & Lullaby, Family|CU#259|SEL|Using strategies to manage stress and impulses (breathing, calm-down)|secondary|Soothing melodies help children self-regulate and manage stress
|150|Bye Baby Bye|Bedtime & Lullaby, Family|CU#127|Literacy & Phonics — Self-Regulation Practice|Reflection / gratitude practice|secondary|Family-themed lullabies foster gratitude for caregivers and loved ones
|226|Sleep small baby sleep|Bedtime & Lullaby, Family|CU#124|Literacy & Phonics — Self-Regulation Practice|Guided breathing / breath counting|primary|Lullaby rhythm naturally supports paced breathing and calming self-regulation
|226|Sleep small baby sleep|Bedtime & Lullaby, Family|CU#125|Literacy & Phonics — Self-Regulation Practice|Simple mindfulness / body-scan awareness|primary|Lullabies promote body relaxation and present-moment awareness
|226|Sleep small baby sleep|Bedtime & Lullaby, Family|CU#126|Literacy & Phonics — Self-Regulation Practice|"Self-selected calming strategy (""calm corner"" routine)"|secondary|Lullabies can be used as a go-to calming strategy during transitions or stress
|226|Sleep small baby sleep|Bedtime & Lullaby, Family|CU#259|SEL|Using strategies to manage stress and impulses (breathing, calm-down)|secondary|Soothing melodies help children self-regulate and manage stress
|226|Sleep small baby sleep|Bedtime & Lullaby, Family|CU#127|Literacy & Phonics — Self-Regulation Practice|Reflection / gratitude practice|secondary|Family-themed lullabies foster gratitude for caregivers and loved ones
|254|Hush Little Baby|Bedtime & Lullaby, Family|CU#124|Literacy & Phonics — Self-Regulation Practice|Guided breathing / breath counting|primary|Lullaby rhythm naturally supports paced breathing and calming self-regulation
|254|Hush Little Baby|Bedtime & Lullaby, Family|CU#125|Literacy & Phonics — Self-Regulation Practice|Simple mindfulness / body-scan awareness|primary|Lullabies promote body relaxation and present-moment awareness
|254|Hush Little Baby|Bedtime & Lullaby, Family|CU#126|Literacy & Phonics — Self-Regulation Practice|"Self-selected calming strategy (""calm corner"" routine)"|secondary|Lullabies can be used as a go-to calming strategy during transitions or stress
|254|Hush Little Baby|Bedtime & Lullaby, Family|CU#259|SEL|Using strategies to manage stress and impulses (breathing, calm-down)|secondary|Soothing melodies help children self-regulate and manage stress
|254|Hush Little Baby|Bedtime & Lullaby, Family|CU#127|Literacy & Phonics — Self-Regulation Practice|Reflection / gratitude practice|secondary|Family-themed lullabies foster gratitude for caregivers and loved ones
|399|Here is my baby ready for her nap|Bedtime & Lullaby, Family, Routines & Social Skills|CU#124|Literacy & Phonics — Self-Regulation Practice|Guided breathing / breath counting|primary|Lullaby rhythm naturally supports paced breathing and calming self-regulation
|399|Here is my baby ready for her nap|Bedtime & Lullaby, Family, Routines & Social Skills|CU#125|Literacy & Phonics — Self-Regulation Practice|Simple mindfulness / body-scan awareness|primary|Lullabies promote body relaxation and present-moment awareness
|399|Here is my baby ready for her nap|Bedtime & Lullaby, Family, Routines & Social Skills|CU#126|Literacy & Phonics — Self-Regulation Practice|"Self-selected calming strategy (""calm corner"" routine)"|secondary|Lullabies can be used as a go-to calming strategy during transitions or stress
|399|Here is my baby ready for her nap|Bedtime & Lullaby, Family, Routines & Social Skills|CU#259|SEL|Using strategies to manage stress and impulses (breathing, calm-down)|secondary|Soothing melodies help children self-regulate and manage stress
|399|Here is my baby ready for her nap|Bedtime & Lullaby, Family, Routines & Social Skills|CU#208|Classroom Routine & Approaches to Learning|Morning arrival and settling-in routine|secondary|Nap preparation routine establishes predictable settling-in pattern for young children
|399|Here is my baby ready for her nap|Bedtime & Lullaby, Family, Routines & Social Skills|CU#213|Classroom Routine & Approaches to Learning|Clean-up and end-of-day routine|secondary|Nap-time routine parallels end-of-day clean-up and wind-down expectations
|399|Here is my baby ready for her nap|Bedtime & Lullaby, Family, Routines & Social Skills|CU#127|Literacy & Phonics — Self-Regulation Practice|Reflection / gratitude practice|secondary|Family-themed lullabies foster gratitude for caregivers and loved ones
|411|Tomorrow's Just a Dream Away|Bedtime & Lullaby, Feelings & Emotions|CU#124|Literacy & Phonics — Self-Regulation Practice|Guided breathing / breath counting|primary|Lullaby rhythm naturally supports paced breathing and calming self-regulation
|411|Tomorrow's Just a Dream Away|Bedtime & Lullaby, Feelings & Emotions|CU#125|Literacy & Phonics — Self-Regulation Practice|Simple mindfulness / body-scan awareness|primary|Lullabies promote body relaxation and present-moment awareness
|411|Tomorrow's Just a Dream Away|Bedtime & Lullaby, Feelings & Emotions|CU#126|Literacy & Phonics — Self-Regulation Practice|"Self-selected calming strategy (""calm corner"" routine)"|secondary|Lullabies can be used as a go-to calming strategy during transitions or stress
|411|Tomorrow's Just a Dream Away|Bedtime & Lullaby, Feelings & Emotions|CU#259|SEL|Using strategies to manage stress and impulses (breathing, calm-down)|secondary|Soothing melodies help children self-regulate and manage stress
|411|Tomorrow's Just a Dream Away|Bedtime & Lullaby, Feelings & Emotions|CU#127|Literacy & Phonics — Self-Regulation Practice|Reflection / gratitude practice|primary|Dream-themed song encourages hopeful reflection and gratitude for future possibilities
|411|Tomorrow's Just a Dream Away|Bedtime & Lullaby, Feelings & Emotions|CU#258|SEL|Identifying and naming a range of emotions|secondary|Exploring dream and anticipation emotions supports emotional vocabulary development
|184|Monday Night the Banjo|Bedtime & Lullaby, Music & Instruments|CU#124|Literacy & Phonics — Self-Regulation Practice|Guided breathing / breath counting|primary|Lullaby rhythm naturally supports paced breathing and calming self-regulation
|184|Monday Night the Banjo|Bedtime & Lullaby, Music & Instruments|CU#125|Literacy & Phonics — Self-Regulation Practice|Simple mindfulness / body-scan awareness|primary|Lullabies promote body relaxation and present-moment awareness
|184|Monday Night the Banjo|Bedtime & Lullaby, Music & Instruments|CU#126|Literacy & Phonics — Self-Regulation Practice|"Self-selected calming strategy (""calm corner"" routine)"|secondary|Lullabies can be used as a go-to calming strategy during transitions or stress
|184|Monday Night the Banjo|Bedtime & Lullaby, Music & Instruments|CU#259|SEL|Using strategies to manage stress and impulses (breathing, calm-down)|secondary|Soothing melodies help children self-regulate and manage stress
|136|Douglas Mountain|Bedtime & Lullaby, Nature & Plants|CU#124|Literacy & Phonics — Self-Regulation Practice|Guided breathing / breath counting|primary|Lullaby rhythm naturally supports paced breathing and calming self-regulation
|136|Douglas Mountain|Bedtime & Lullaby, Nature & Plants|CU#125|Literacy & Phonics — Self-Regulation Practice|Simple mindfulness / body-scan awareness|primary|Lullabies promote body relaxation and present-moment awareness
|136|Douglas Mountain|Bedtime & Lullaby, Nature & Plants|CU#126|Literacy & Phonics — Self-Regulation Practice|"Self-selected calming strategy (""calm corner"" routine)"|secondary|Lullabies can be used as a go-to calming strategy during transitions or stress
|136|Douglas Mountain|Bedtime & Lullaby, Nature & Plants|CU#259|SEL|Using strategies to manage stress and impulses (breathing, calm-down)|secondary|Soothing melodies help children self-regulate and manage stress
|255|Lavender's Blue|Bedtime & Lullaby, Nature & Plants|CU#124|Literacy & Phonics — Self-Regulation Practice|Guided breathing / breath counting|primary|Lullaby rhythm naturally supports paced breathing and calming self-regulation
|255|Lavender's Blue|Bedtime & Lullaby, Nature & Plants|CU#125|Literacy & Phonics — Self-Regulation Practice|Simple mindfulness / body-scan awareness|primary|Lullabies promote body relaxation and present-moment awareness
|255|Lavender's Blue|Bedtime & Lullaby, Nature & Plants|CU#126|Literacy & Phonics — Self-Regulation Practice|"Self-selected calming strategy (""calm corner"" routine)"|secondary|Lullabies can be used as a go-to calming strategy during transitions or stress
|255|Lavender's Blue|Bedtime & Lullaby, Nature & Plants|CU#259|SEL|Using strategies to manage stress and impulses (breathing, calm-down)|secondary|Soothing melodies help children self-regulate and manage stress
|149|Catch A Falling Star|Bedtime & Lullaby, Seasons & Weather|CU#124|Literacy & Phonics — Self-Regulation Practice|Guided breathing / breath counting|primary|Lullaby rhythm naturally supports paced breathing and calming self-regulation
|149|Catch A Falling Star|Bedtime & Lullaby, Seasons & Weather|CU#125|Literacy & Phonics — Self-Regulation Practice|Simple mindfulness / body-scan awareness|primary|Lullabies promote body relaxation and present-moment awareness
|149|Catch A Falling Star|Bedtime & Lullaby, Seasons & Weather|CU#126|Literacy & Phonics — Self-Regulation Practice|"Self-selected calming strategy (""calm corner"" routine)"|secondary|Lullabies can be used as a go-to calming strategy during transitions or stress
|149|Catch A Falling Star|Bedtime & Lullaby, Seasons & Weather|CU#259|SEL|Using strategies to manage stress and impulses (breathing, calm-down)|secondary|Soothing melodies help children self-regulate and manage stress
|149|Catch A Falling Star|Bedtime & Lullaby, Seasons & Weather|CU#127|Literacy & Phonics — Self-Regulation Practice|Reflection / gratitude practice|secondary|Wishing on a star encourages gratitude and positive thinking about the future
|386|Springtime Lullabye|Bedtime & Lullaby, Seasons & Weather, Water & Sea|CU#124|Literacy & Phonics — Self-Regulation Practice|Guided breathing / breath counting|primary|Lullaby rhythm naturally supports paced breathing and calming self-regulation
|386|Springtime Lullabye|Bedtime & Lullaby, Seasons & Weather, Water & Sea|CU#125|Literacy & Phonics — Self-Regulation Practice|Simple mindfulness / body-scan awareness|primary|Lullabies promote body relaxation and present-moment awareness
|386|Springtime Lullabye|Bedtime & Lullaby, Seasons & Weather, Water & Sea|CU#126|Literacy & Phonics — Self-Regulation Practice|"Self-selected calming strategy (""calm corner"" routine)"|secondary|Lullabies can be used as a go-to calming strategy during transitions or stress
|386|Springtime Lullabye|Bedtime & Lullaby, Seasons & Weather, Water & Sea|CU#259|SEL|Using strategies to manage stress and impulses (breathing, calm-down)|secondary|Soothing melodies help children self-regulate and manage stress
|213|My Bonnie Lies Over the Ocean|Bedtime & Lullaby, Water & Sea|CU#124|Literacy & Phonics — Self-Regulation Practice|Guided breathing / breath counting|primary|Lullaby rhythm naturally supports paced breathing and calming self-regulation
|213|My Bonnie Lies Over the Ocean|Bedtime & Lullaby, Water & Sea|CU#125|Literacy & Phonics — Self-Regulation Practice|Simple mindfulness / body-scan awareness|primary|Lullabies promote body relaxation and present-moment awareness
|213|My Bonnie Lies Over the Ocean|Bedtime & Lullaby, Water & Sea|CU#126|Literacy & Phonics — Self-Regulation Practice|"Self-selected calming strategy (""calm corner"" routine)"|secondary|Lullabies can be used as a go-to calming strategy during transitions or stress
|213|My Bonnie Lies Over the Ocean|Bedtime & Lullaby, Water & Sea|CU#259|SEL|Using strategies to manage stress and impulses (breathing, calm-down)|secondary|Soothing melodies help children self-regulate and manage stress
|213|My Bonnie Lies Over the Ocean|Bedtime & Lullaby, Water & Sea|CU#226|Language & Vocabulary|Describe people, places, things, events|secondary|Describing the ocean setting builds descriptive language and vocabulary
|405|See My Fingers|Body Parts, Dance & Movement, Numbers & Counting|CU#11|Math & Numeracy|Count to 50 starting at any number; read and write numbers to 50 (Gr 1)|primary|Counting fingers 1-10 builds one-to-one correspondence and number sequence
|405|See My Fingers|Body Parts, Dance & Movement, Numbers & Counting|CU#142|Math & Numeracy|Identify, describe, extend, and create patterns (AB, ABC, AABB) (Gr 1)|secondary|Finger patterns and sequences reinforce pattern recognition through kinesthetic learning
|187|Everybody knows I love my toes|Body Parts, Feelings & Emotions|CU#258|SEL|Identifying and naming a range of emotions|primary|Song content directly explores and names emotional states, building emotional vocabulary
|187|Everybody knows I love my toes|Body Parts, Feelings & Emotions|CU#127|Literacy & Phonics — Self-Regulation Practice|Reflection / gratitude practice|secondary|Emotion-themed songs encourage reflection on personal feelings and experiences
|350|Skin and Bones|Body Parts, Holidays & Celebrations|CU#127|Literacy & Phonics — Self-Regulation Practice|Reflection / gratitude practice|primary|Celebration songs encourage gratitude, positive reflection, and community joy
|350|Skin and Bones|Body Parts, Holidays & Celebrations|CU#261|SEL|Recognizing and respecting others' perspectives|secondary|Celebrating together builds community awareness and respect for shared traditions
|350|Skin and Bones|Body Parts, Holidays & Celebrations|CU#263|SEL|Working cooperatively and resolving simple conflicts|secondary|Group celebrations foster cooperation, turn-taking, and shared experience
|361|Brush your Teeth|Body Parts, Numbers & Counting|CU#11|Math & Numeracy|Count to 50 starting at any number; read and write numbers to 50 (Gr 1)|primary|Counting brushing motions and teeth builds number sequence with daily routine context
|361|Brush your Teeth|Body Parts, Numbers & Counting|CU#15|Math & Numeracy|Mentally find 10 more or 10 less than a given number (Gr 1)|secondary|Time-based counting (2-minute brushing) supports 10-more/less reasoning concepts
|524|J'aime la galette|Cultural & Folk, Food & Cooking|CU#70|Literacy & Phonics — Speaking & Listening|Describe people, places, things, events with relevant details (Gr 1)|primary|Food-themed songs provide rich sensory vocabulary for describing tastes, textures, and cooking processes
|524|J'aime la galette|Cultural & Folk, Food & Cooking|CU#226|Language & Vocabulary|Describe people, places, things, events (Gr 1)|primary|Cooking and food vocabulary builds descriptive language about ingredients and preparation
|524|J'aime la galette|Cultural & Folk, Food & Cooking|CU#236|Language & Vocabulary|Explore word relationships and nuances (Gr 1)|secondary|French food vocabulary and cross-linguistic comparison explores word relationships
|14|All around the Kitchen|Cultural & Folk, Food & Cooking, Water & Sea|CU#70|Literacy & Phonics — Speaking & Listening|Describe people, places, things, events with relevant details (Gr 1)|primary|Food-themed songs provide rich sensory vocabulary for describing tastes, textures, and cooking processes
|14|All around the Kitchen|Cultural & Folk, Food & Cooking, Water & Sea|CU#226|Language & Vocabulary|Describe people, places, things, events (Gr 1)|primary|Cooking and food vocabulary builds descriptive language about ingredients and preparation
|14|All around the Kitchen|Cultural & Folk, Food & Cooking, Water & Sea|CU#142|Math & Numeracy|Identify, describe, extend, and create patterns (AB, ABC, AABB) (Gr 1)|secondary|Kitchen movement patterns (stir, pour, mix, chop) reinforce pattern recognition
|398|Pat-a-cake|Dance & Movement, Food & Cooking|CU#70|Literacy & Phonics — Speaking & Listening|Describe people, places, things, events with relevant details (Gr 1)|primary|Food-themed songs provide rich sensory vocabulary for describing tastes, textures, and cooking processes
|398|Pat-a-cake|Dance & Movement, Food & Cooking|CU#226|Language & Vocabulary|Describe people, places, things, events (Gr 1)|primary|Cooking and food vocabulary builds descriptive language about ingredients and preparation
|398|Pat-a-cake|Dance & Movement, Food & Cooking|CU#142|Math & Numeracy|Identify, describe, extend, and create patterns (AB, ABC, AABB) (Gr 1)|secondary|Pat-a-cake hand-clapping patterns reinforce AB pattern recognition through movement
|398|Pat-a-cake|Dance & Movement, Food & Cooking|CU#236|Language & Vocabulary|Explore word relationships and nuances (Gr 1)|secondary|Rhyming words in pat-a-cake build phonological awareness and word play skills
|102|Jubilee|Dance & Movement, Holidays & Celebrations|CU#127|Literacy & Phonics — Self-Regulation Practice|Reflection / gratitude practice|primary|Celebration songs encourage gratitude, positive reflection, and community joy
|102|Jubilee|Dance & Movement, Holidays & Celebrations|CU#261|SEL|Recognizing and respecting others' perspectives|secondary|Celebrating together builds community awareness and respect for shared traditions
|102|Jubilee|Dance & Movement, Holidays & Celebrations|CU#263|SEL|Working cooperatively and resolving simple conflicts|secondary|Group celebrations foster cooperation, turn-taking, and shared experience
|155|Going for a Walk|Dance & Movement, Routines & Social Skills|CU#209|Classroom Routine & Approaches to Learning|Transitioning between activities/subjects|primary|Transition song helps children shift focus and prepare for next activity or subject
|155|Going for a Walk|Dance & Movement, Routines & Social Skills|CU#210|Classroom Routine & Approaches to Learning|Following 2-3 step verbal directions|secondary|Song lyrics with action cues practice following multi-step directions
|157|Love Grows|Family, Feelings & Emotions|CU#258|SEL|Identifying and naming a range of emotions|primary|Song content directly explores and names emotional states, building emotional vocabulary
|157|Love Grows|Family, Feelings & Emotions|CU#127|Literacy & Phonics — Self-Regulation Practice|Reflection / gratitude practice|secondary|Emotion-themed songs encourage reflection on personal feelings and experiences
|157|Love Grows|Family, Feelings & Emotions|CU#261|SEL|Recognizing and respecting others' perspectives|secondary|Exploring love within family relationships builds perspective-taking and empathy
|209|Mama's Little Baby loves Shortenin' Bread|Family, Food & Cooking|CU#70|Literacy & Phonics — Speaking & Listening|Describe people, places, things, events with relevant details (Gr 1)|primary|Food-themed songs provide rich sensory vocabulary for describing tastes, textures, and cooking processes
|209|Mama's Little Baby loves Shortenin' Bread|Family, Food & Cooking|CU#226|Language & Vocabulary|Describe people, places, things, events (Gr 1)|primary|Cooking and food vocabulary builds descriptive language about ingredients and preparation
|209|Mama's Little Baby loves Shortenin' Bread|Family, Food & Cooking|CU#127|Literacy & Phonics — Self-Regulation Practice|Reflection / gratitude practice|secondary|Family food traditions encourage gratitude for caregivers and shared meals
|400|Mama's Sleeping|Family, Routines & Social Skills|CU#126|Literacy & Phonics — Self-Regulation Practice|"Self-selected calming strategy (""calm corner"" routine)"|primary|Quiet nap song supports calm-down strategies and self-regulation practice
|400|Mama's Sleeping|Family, Routines & Social Skills|CU#259|SEL|Using strategies to manage stress and impulses (breathing, calm-down)|secondary|Quiet-time song practice builds stress management and impulse control skills
|400|Mama's Sleeping|Family, Routines & Social Skills|CU#213|Classroom Routine & Approaches to Learning|Clean-up and end-of-day routine|secondary|Quiet routine parallels end-of-day wind-down and relaxation expectations
|163|Reaching for the Stars|Feelings & Emotions|CU#258|SEL|Identifying and naming a range of emotions|primary|Song content directly explores and names emotional states, building emotional vocabulary
|163|Reaching for the Stars|Feelings & Emotions|CU#127|Literacy & Phonics — Self-Regulation Practice|Reflection / gratitude practice|secondary|Emotion-themed songs encourage reflection on personal feelings and experiences
|163|Reaching for the Stars|Feelings & Emotions|CU#260|SEL|Setting and working toward a simple personal goal|secondary|Reaching for stars metaphor supports goal-setting discussions and determination
|181|I Think You're Wonderful|Feelings & Emotions|CU#258|SEL|Identifying and naming a range of emotions|primary|Song content directly explores and names emotional states, building emotional vocabulary
|181|I Think You're Wonderful|Feelings & Emotions|CU#127|Literacy & Phonics — Self-Regulation Practice|Reflection / gratitude practice|secondary|Emotion-themed songs encourage reflection on personal feelings and experiences
|181|I Think You're Wonderful|Feelings & Emotions|CU#261|SEL|Recognizing and respecting others' perspectives|secondary|Expressing appreciation for others builds empathy and perspective-taking skills
|331|I Love to Hear the Sounds|Feelings & Emotions|CU#258|SEL|Identifying and naming a range of emotions|primary|Song content directly explores and names emotional states, building emotional vocabulary
|331|I Love to Hear the Sounds|Feelings & Emotions|CU#127|Literacy & Phonics — Self-Regulation Practice|Reflection / gratitude practice|secondary|Emotion-themed songs encourage reflection on personal feelings and experiences
|331|I Love to Hear the Sounds|Feelings & Emotions|CU#125|Literacy & Phonics — Self-Regulation Practice|Simple mindfulness / body-scan awareness|secondary|Listening to sounds promotes mindful awareness of the present environment
|476|I Love to Hear the Sounds|Feelings & Emotions|CU#258|SEL|Identifying and naming a range of emotions|primary|Song content directly explores and names emotional states, building emotional vocabulary
|476|I Love to Hear the Sounds|Feelings & Emotions|CU#127|Literacy & Phonics — Self-Regulation Practice|Reflection / gratitude practice|secondary|Emotion-themed songs encourage reflection on personal feelings and experiences
|476|I Love to Hear the Sounds|Feelings & Emotions|CU#125|Literacy & Phonics — Self-Regulation Practice|Simple mindfulness / body-scan awareness|secondary|Listening to sounds promotes mindful awareness of the present environment
|521|I Love to Hear the Sounds|Feelings & Emotions|CU#258|SEL|Identifying and naming a range of emotions|primary|Song content directly explores and names emotional states, building emotional vocabulary
|521|I Love to Hear the Sounds|Feelings & Emotions|CU#127|Literacy & Phonics — Self-Regulation Practice|Reflection / gratitude practice|secondary|Emotion-themed songs encourage reflection on personal feelings and experiences
|521|I Love to Hear the Sounds|Feelings & Emotions|CU#125|Literacy & Phonics — Self-Regulation Practice|Simple mindfulness / body-scan awareness|secondary|Listening to sounds promotes mindful awareness of the present environment
|153|Dreams Of Harmony|Feelings & Emotions, Music & Instruments|CU#258|SEL|Identifying and naming a range of emotions|primary|Song content directly explores and names emotional states, building emotional vocabulary
|153|Dreams Of Harmony|Feelings & Emotions, Music & Instruments|CU#127|Literacy & Phonics — Self-Regulation Practice|Reflection / gratitude practice|secondary|Emotion-themed songs encourage reflection on personal feelings and experiences
|153|Dreams Of Harmony|Feelings & Emotions, Music & Instruments|CU#125|Literacy & Phonics — Self-Regulation Practice|Simple mindfulness / body-scan awareness|secondary|Harmonious music and imagery promotes calm, mindful awareness
|284|I love to Hear the Sounds|Feelings & Emotions, Music & Instruments|CU#258|SEL|Identifying and naming a range of emotions|primary|Song content directly explores and names emotional states, building emotional vocabulary
|284|I love to Hear the Sounds|Feelings & Emotions, Music & Instruments|CU#127|Literacy & Phonics — Self-Regulation Practice|Reflection / gratitude practice|secondary|Emotion-themed songs encourage reflection on personal feelings and experiences
|212|May There Always Be Sunshine|Feelings & Emotions, Seasons & Weather|CU#258|SEL|Identifying and naming a range of emotions|primary|Song content directly explores and names emotional states, building emotional vocabulary
|212|May There Always Be Sunshine|Feelings & Emotions, Seasons & Weather|CU#127|Literacy & Phonics — Self-Regulation Practice|Reflection / gratitude practice|secondary|Emotion-themed songs encourage reflection on personal feelings and experiences
|212|May There Always Be Sunshine|Feelings & Emotions, Seasons & Weather|CU#261|SEL|Recognizing and respecting others' perspectives|secondary|Wishing well for others builds empathy, generosity, and perspective-taking
|341|Glorious Day|Feelings & Emotions, Seasons & Weather|CU#258|SEL|Identifying and naming a range of emotions|primary|Song content directly explores and names emotional states, building emotional vocabulary
|341|Glorious Day|Feelings & Emotions, Seasons & Weather|CU#127|Literacy & Phonics — Self-Regulation Practice|Reflection / gratitude practice|secondary|Emotion-themed songs encourage reflection on personal feelings and experiences
|2|Marjorie Mutton Pie|Food & Cooking|CU#70|Literacy & Phonics — Speaking & Listening|Describe people, places, things, events with relevant details (Gr 1)|primary|Food-themed songs provide rich sensory vocabulary for describing tastes, textures, and cooking processes
|2|Marjorie Mutton Pie|Food & Cooking|CU#226|Language & Vocabulary|Describe people, places, things, events (Gr 1)|primary|Cooking and food vocabulary builds descriptive language about ingredients and preparation
|208|Mix the Bannock|Food & Cooking|CU#70|Literacy & Phonics — Speaking & Listening|Describe people, places, things, events with relevant details (Gr 1)|primary|Food-themed songs provide rich sensory vocabulary for describing tastes, textures, and cooking processes
|208|Mix the Bannock|Food & Cooking|CU#226|Language & Vocabulary|Describe people, places, things, events (Gr 1)|primary|Cooking and food vocabulary builds descriptive language about ingredients and preparation
|208|Mix the Bannock|Food & Cooking|CU#210|Classroom Routine & Approaches to Learning|Following 2-3 step verbal directions|secondary|Cooking song with sequential steps practices following multi-step verbal instructions
|208|Mix the Bannock|Food & Cooking|CU#22|Math & Numeracy|Measure lengths using non-standard/standard units; compare lengths (Gr 1)|secondary|Recipe and cooking context introduces measurement concepts (cups, spoons, handfuls)
|262|Gingerbread man|Food & Cooking|CU#70|Literacy & Phonics — Speaking & Listening|Describe people, places, things, events with relevant details (Gr 1)|primary|Food-themed songs provide rich sensory vocabulary for describing tastes, textures, and cooking processes
|262|Gingerbread man|Food & Cooking|CU#226|Language & Vocabulary|Describe people, places, things, events (Gr 1)|primary|Cooking and food vocabulary builds descriptive language about ingredients and preparation
|262|Gingerbread man|Food & Cooking|CU#210|Classroom Routine & Approaches to Learning|Following 2-3 step verbal directions|secondary|Cooking song with sequential steps practices following multi-step verbal instructions
|262|Gingerbread man|Food & Cooking|CU#22|Math & Numeracy|Measure lengths using non-standard/standard units; compare lengths (Gr 1)|secondary|Recipe and cooking context introduces measurement concepts (cups, spoons, handfuls)
|305|Soup|Food & Cooking|CU#70|Literacy & Phonics — Speaking & Listening|Describe people, places, things, events with relevant details (Gr 1)|primary|Food-themed songs provide rich sensory vocabulary for describing tastes, textures, and cooking processes
|305|Soup|Food & Cooking|CU#226|Language & Vocabulary|Describe people, places, things, events (Gr 1)|primary|Cooking and food vocabulary builds descriptive language about ingredients and preparation
|305|Soup|Food & Cooking|CU#210|Classroom Routine & Approaches to Learning|Following 2-3 step verbal directions|secondary|Cooking song with sequential steps practices following multi-step verbal instructions
|305|Soup|Food & Cooking|CU#22|Math & Numeracy|Measure lengths using non-standard/standard units; compare lengths (Gr 1)|secondary|Recipe and cooking context introduces measurement concepts (cups, spoons, handfuls)
|397|Johnny Porkpie|Food & Cooking|CU#70|Literacy & Phonics — Speaking & Listening|Describe people, places, things, events with relevant details (Gr 1)|primary|Food-themed songs provide rich sensory vocabulary for describing tastes, textures, and cooking processes
|397|Johnny Porkpie|Food & Cooking|CU#226|Language & Vocabulary|Describe people, places, things, events (Gr 1)|primary|Cooking and food vocabulary builds descriptive language about ingredients and preparation
|397|Johnny Porkpie|Food & Cooking|CU#76|Literacy & Phonics — Speaking & Listening|Tell a story or recount an experience with facts and descriptive details (Gr 2)|secondary|Humorous food story encourages narrative retelling with descriptive details
|397|Johnny Porkpie|Food & Cooking|CU#236|Language & Vocabulary|Explore word relationships and nuances (Gr 1)|secondary|Food humor and wordplay explores word relationships and double meanings
|328|The Pie Song|Food & Cooking, Music & Instruments|CU#70|Literacy & Phonics — Speaking & Listening|Describe people, places, things, events with relevant details (Gr 1)|primary|Food-themed songs provide rich sensory vocabulary for describing tastes, textures, and cooking processes
|328|The Pie Song|Food & Cooking, Music & Instruments|CU#226|Language & Vocabulary|Describe people, places, things, events (Gr 1)|primary|Cooking and food vocabulary builds descriptive language about ingredients and preparation
|427|The Cookie Song|Food & Cooking, Music & Instruments|CU#70|Literacy & Phonics — Speaking & Listening|Describe people, places, things, events with relevant details (Gr 1)|primary|Food-themed songs provide rich sensory vocabulary for describing tastes, textures, and cooking processes
|427|The Cookie Song|Food & Cooking, Music & Instruments|CU#226|Language & Vocabulary|Describe people, places, things, events (Gr 1)|primary|Cooking and food vocabulary builds descriptive language about ingredients and preparation
|427|The Cookie Song|Food & Cooking, Music & Instruments|CU#24|Math & Numeracy|Represent and interpret data with up to 3 categories (Gr 1)|secondary|Cookie types, shapes, and decorations can be sorted into categories for data collection
|473|The Pie Song|Food & Cooking, Music & Instruments|CU#70|Literacy & Phonics — Speaking & Listening|Describe people, places, things, events with relevant details (Gr 1)|primary|Food-themed songs provide rich sensory vocabulary for describing tastes, textures, and cooking processes
|473|The Pie Song|Food & Cooking, Music & Instruments|CU#226|Language & Vocabulary|Describe people, places, things, events (Gr 1)|primary|Cooking and food vocabulary builds descriptive language about ingredients and preparation
|493|The Cookie Song|Food & Cooking, Music & Instruments|CU#70|Literacy & Phonics — Speaking & Listening|Describe people, places, things, events with relevant details (Gr 1)|primary|Food-themed songs provide rich sensory vocabulary for describing tastes, textures, and cooking processes
|493|The Cookie Song|Food & Cooking, Music & Instruments|CU#226|Language & Vocabulary|Describe people, places, things, events (Gr 1)|primary|Cooking and food vocabulary builds descriptive language about ingredients and preparation
|493|The Cookie Song|Food & Cooking, Music & Instruments|CU#24|Math & Numeracy|Represent and interpret data with up to 3 categories (Gr 1)|secondary|Cookie types, shapes, and decorations can be sorted into categories for data collection
|518|The Pie Song|Food & Cooking, Music & Instruments|CU#70|Literacy & Phonics — Speaking & Listening|Describe people, places, things, events with relevant details (Gr 1)|primary|Food-themed songs provide rich sensory vocabulary for describing tastes, textures, and cooking processes
|518|The Pie Song|Food & Cooking, Music & Instruments|CU#226|Language & Vocabulary|Describe people, places, things, events (Gr 1)|primary|Cooking and food vocabulary builds descriptive language about ingredients and preparation
|169|The Pie Song|Food & Cooking, Music & Instruments, Numbers & Counting|CU#11|Math & Numeracy|Count to 50 starting at any number; read and write numbers to 50 (Gr 1)|primary|Counting pie pieces reinforces number sequence and one-to-one correspondence
|169|The Pie Song|Food & Cooking, Music & Instruments, Numbers & Counting|CU#30|Math & Numeracy|Partition shapes into two/four equal shares (Gr 1)|secondary|Dividing pie into equal slices introduces fair-share and fraction concepts
|169|The Pie Song|Food & Cooking, Music & Instruments, Numbers & Counting|CU#24|Math & Numeracy|Represent and interpret data with up to 3 categories (Gr 1)|secondary|Sorting pie types by filling supports data categorization skills
|263|Plum pudding|Food & Cooking, Nature & Plants|CU#70|Literacy & Phonics — Speaking & Listening|Describe people, places, things, events with relevant details (Gr 1)|primary|Food-themed songs provide rich sensory vocabulary for describing tastes, textures, and cooking processes
|263|Plum pudding|Food & Cooking, Nature & Plants|CU#226|Language & Vocabulary|Describe people, places, things, events (Gr 1)|primary|Cooking and food vocabulary builds descriptive language about ingredients and preparation
|263|Plum pudding|Food & Cooking, Nature & Plants|CU#236|Language & Vocabulary|Explore word relationships and nuances (Gr 1)|secondary|Traditional food vocabulary explores cultural relationships and word meanings
|378|Picking Berries|Food & Cooking, Nature & Plants|CU#70|Literacy & Phonics — Speaking & Listening|Describe people, places, things, events with relevant details (Gr 1)|primary|Food-themed songs provide rich sensory vocabulary for describing tastes, textures, and cooking processes
|378|Picking Berries|Food & Cooking, Nature & Plants|CU#226|Language & Vocabulary|Describe people, places, things, events (Gr 1)|primary|Cooking and food vocabulary builds descriptive language about ingredients and preparation
|378|Picking Berries|Food & Cooking, Nature & Plants|CU#24|Math & Numeracy|Represent and interpret data with up to 3 categories (Gr 1)|secondary|Sorting berries by type and color supports data categorization and classification skills
|265|Aubrey's Dreidle|Holidays & Celebrations|CU#261|SEL|Recognizing and respecting others' perspectives|primary|Learning about Chanukah traditions builds cultural awareness and respect for diversity
|265|Aubrey's Dreidle|Holidays & Celebrations|CU#127|Literacy & Phonics — Self-Regulation Practice|Reflection / gratitude practice|secondary|Holiday traditions encourage gratitude for family and cultural heritage
|265|Aubrey's Dreidle|Holidays & Celebrations|CU#185|Literacy & Phonics — Reading Comprehension|Identify characters, settings, major events|secondary|Chanukah story elements (dreidel, menorah, latkes) build narrative comprehension
|265|Aubrey's Dreidle|Holidays & Celebrations|CU#263|SEL|Working cooperatively and resolving simple conflicts|secondary|Dreidel game involves turn-taking, following rules, and cooperative play
|266|I have a little Dreidle|Holidays & Celebrations|CU#261|SEL|Recognizing and respecting others' perspectives|primary|Learning about Chanukah traditions builds cultural awareness and respect for diversity
|266|I have a little Dreidle|Holidays & Celebrations|CU#127|Literacy & Phonics — Self-Regulation Practice|Reflection / gratitude practice|secondary|Holiday traditions encourage gratitude for family and cultural heritage
|266|I have a little Dreidle|Holidays & Celebrations|CU#185|Literacy & Phonics — Reading Comprehension|Identify characters, settings, major events|secondary|Chanukah story elements (dreidel, menorah, latkes) build narrative comprehension
|266|I have a little Dreidle|Holidays & Celebrations|CU#263|SEL|Working cooperatively and resolving simple conflicts|secondary|Dreidel game involves turn-taking, following rules, and cooperative play
|269|Christmas is coming|Holidays & Celebrations|CU#127|Literacy & Phonics — Self-Regulation Practice|Reflection / gratitude practice|primary|Christmas themes of giving and celebration encourage gratitude and generosity
|269|Christmas is coming|Holidays & Celebrations|CU#261|SEL|Recognizing and respecting others' perspectives|secondary|Learning about Christmas traditions builds cultural awareness and respect
|272|Here is the chimney|Holidays & Celebrations|CU#127|Literacy & Phonics — Self-Regulation Practice|Reflection / gratitude practice|primary|Christmas themes of giving and celebration encourage gratitude and generosity
|272|Here is the chimney|Holidays & Celebrations|CU#261|SEL|Recognizing and respecting others' perspectives|secondary|Learning about Christmas traditions builds cultural awareness and respect
|272|Here is the chimney|Holidays & Celebrations|CU#185|Literacy & Phonics — Reading Comprehension|Identify characters, settings, major events|secondary|Christmas narrative elements (Santa, chimney, shepherds) build story comprehension
|272|Here is the chimney|Holidays & Celebrations|CU#76|Literacy & Phonics — Speaking & Listening|Tell a story or recount an experience with facts and descriptive details|secondary|Retelling Christmas traditions and stories develops narrative language skills
|273|Santa Claus with his long white beard|Holidays & Celebrations|CU#127|Literacy & Phonics — Self-Regulation Practice|Reflection / gratitude practice|primary|Christmas themes of giving and celebration encourage gratitude and generosity
|273|Santa Claus with his long white beard|Holidays & Celebrations|CU#261|SEL|Recognizing and respecting others' perspectives|secondary|Learning about Christmas traditions builds cultural awareness and respect
|273|Santa Claus with his long white beard|Holidays & Celebrations|CU#185|Literacy & Phonics — Reading Comprehension|Identify characters, settings, major events|secondary|Christmas narrative elements (Santa, chimney, shepherds) build story comprehension
|273|Santa Claus with his long white beard|Holidays & Celebrations|CU#76|Literacy & Phonics — Speaking & Listening|Tell a story or recount an experience with facts and descriptive details|secondary|Retelling Christmas traditions and stories develops narrative language skills
|277|Child of God|Holidays & Celebrations|CU#127|Literacy & Phonics — Self-Regulation Practice|Reflection / gratitude practice|primary|Celebration songs encourage gratitude, positive reflection, and community joy
|277|Child of God|Holidays & Celebrations|CU#261|SEL|Recognizing and respecting others' perspectives|secondary|Celebrating together builds community awareness and respect for shared traditions
|277|Child of God|Holidays & Celebrations|CU#263|SEL|Working cooperatively and resolving simple conflicts|secondary|Group celebrations foster cooperation, turn-taking, and shared experience
|278|Shepherd's Carol|Holidays & Celebrations|CU#127|Literacy & Phonics — Self-Regulation Practice|Reflection / gratitude practice|primary|Christmas themes of giving and celebration encourage gratitude and generosity
|278|Shepherd's Carol|Holidays & Celebrations|CU#261|SEL|Recognizing and respecting others' perspectives|secondary|Learning about Christmas traditions builds cultural awareness and respect
|278|Shepherd's Carol|Holidays & Celebrations|CU#185|Literacy & Phonics — Reading Comprehension|Identify characters, settings, major events|secondary|Christmas narrative elements (Santa, chimney, shepherds) build story comprehension
|278|Shepherd's Carol|Holidays & Celebrations|CU#76|Literacy & Phonics — Speaking & Listening|Tell a story or recount an experience with facts and descriptive details|secondary|Retelling Christmas traditions and stories develops narrative language skills
|279|Brightest and Best|Holidays & Celebrations|CU#127|Literacy & Phonics — Self-Regulation Practice|Reflection / gratitude practice|primary|Celebration songs encourage gratitude, positive reflection, and community joy
|279|Brightest and Best|Holidays & Celebrations|CU#261|SEL|Recognizing and respecting others' perspectives|secondary|Celebrating together builds community awareness and respect for shared traditions
|279|Brightest and Best|Holidays & Celebrations|CU#263|SEL|Working cooperatively and resolving simple conflicts|secondary|Group celebrations foster cooperation, turn-taking, and shared experience
|282|Ring it in|Holidays & Celebrations|CU#127|Literacy & Phonics — Self-Regulation Practice|Reflection / gratitude practice|primary|Celebration songs encourage gratitude, positive reflection, and community joy
|282|Ring it in|Holidays & Celebrations|CU#261|SEL|Recognizing and respecting others' perspectives|secondary|Celebrating together builds community awareness and respect for shared traditions
|282|Ring it in|Holidays & Celebrations|CU#263|SEL|Working cooperatively and resolving simple conflicts|secondary|Group celebrations foster cooperation, turn-taking, and shared experience
|310|The Most Glorious Day|Holidays & Celebrations|CU#127|Literacy & Phonics — Self-Regulation Practice|Reflection / gratitude practice|primary|Celebration songs encourage gratitude, positive reflection, and community joy
|310|The Most Glorious Day|Holidays & Celebrations|CU#261|SEL|Recognizing and respecting others' perspectives|secondary|Celebrating together builds community awareness and respect for shared traditions
|310|The Most Glorious Day|Holidays & Celebrations|CU#263|SEL|Working cooperatively and resolving simple conflicts|secondary|Group celebrations foster cooperation, turn-taking, and shared experience
|348|I have a Jack o Lantern|Holidays & Celebrations|CU#185|Literacy & Phonics — Reading Comprehension|Identify characters, settings, major events|primary|Halloween characters and settings (jack-o-lantern, costumes, haunted house) build narrative comprehension
|348|I have a Jack o Lantern|Holidays & Celebrations|CU#186|Literacy & Phonics — Reading Comprehension|Ask and answer questions about key details|secondary|Describing Halloween objects encourages questioning and detail recall
|348|I have a Jack o Lantern|Holidays & Celebrations|CU#76|Literacy & Phonics — Speaking & Listening|Tell a story or recount an experience with facts and descriptive details|secondary|Recounting Halloween experiences develops narrative language and sequencing skills
|348|I have a Jack o Lantern|Holidays & Celebrations|CU#127|Literacy & Phonics — Self-Regulation Practice|Reflection / gratitude practice|secondary|Halloween traditions encourage gratitude and community participation
|349|Jack-O-Lantern|Holidays & Celebrations|CU#185|Literacy & Phonics — Reading Comprehension|Identify characters, settings, major events|primary|Halloween characters and settings (jack-o-lantern, costumes, haunted house) build narrative comprehension
|349|Jack-O-Lantern|Holidays & Celebrations|CU#186|Literacy & Phonics — Reading Comprehension|Ask and answer questions about key details|secondary|Describing Halloween objects encourages questioning and detail recall
|349|Jack-O-Lantern|Holidays & Celebrations|CU#76|Literacy & Phonics — Speaking & Listening|Tell a story or recount an experience with facts and descriptive details|secondary|Recounting Halloween experiences develops narrative language and sequencing skills
|349|Jack-O-Lantern|Holidays & Celebrations|CU#127|Literacy & Phonics — Self-Regulation Practice|Reflection / gratitude practice|secondary|Halloween traditions encourage gratitude and community participation
|352|Heigh Ho Halloweens Here|Holidays & Celebrations|CU#185|Literacy & Phonics — Reading Comprehension|Identify characters, settings, major events|primary|Halloween characters and settings (jack-o-lantern, costumes, haunted house) build narrative comprehension
|352|Heigh Ho Halloweens Here|Holidays & Celebrations|CU#186|Literacy & Phonics — Reading Comprehension|Ask and answer questions about key details|secondary|Describing Halloween objects encourages questioning and detail recall
|352|Heigh Ho Halloweens Here|Holidays & Celebrations|CU#76|Literacy & Phonics — Speaking & Listening|Tell a story or recount an experience with facts and descriptive details|secondary|Recounting Halloween experiences develops narrative language and sequencing skills
|352|Heigh Ho Halloweens Here|Holidays & Celebrations|CU#127|Literacy & Phonics — Self-Regulation Practice|Reflection / gratitude practice|secondary|Halloween traditions encourage gratitude and community participation
|268|Ring, ring, ring your Bells|Holidays & Celebrations, Music & Instruments|CU#127|Literacy & Phonics — Self-Regulation Practice|Reflection / gratitude practice|primary|Celebration songs encourage gratitude, positive reflection, and community joy
|268|Ring, ring, ring your Bells|Holidays & Celebrations, Music & Instruments|CU#261|SEL|Recognizing and respecting others' perspectives|secondary|Celebrating together builds community awareness and respect for shared traditions
|268|Ring, ring, ring your Bells|Holidays & Celebrations, Music & Instruments|CU#263|SEL|Working cooperatively and resolving simple conflicts|secondary|Group celebrations foster cooperation, turn-taking, and shared experience
|268|Ring, ring, ring your Bells|Holidays & Celebrations, Music & Instruments|CU#142|Math & Numeracy|Identify, describe, extend, and create patterns (AB, ABC, AABB) (Gr 1)|secondary|Bell-ringing patterns (ring-ring-ring) introduce rhythmic AB pattern recognition
|275|How many miles to Bethlehem|Holidays & Celebrations, Numbers & Counting|CU#11|Math & Numeracy|Count to 50 starting at any number; read and write numbers to 50 (Gr 1)|primary|Counting miles and steps in the journey reinforces number sequence
|275|How many miles to Bethlehem|Holidays & Celebrations, Numbers & Counting|CU#22|Math & Numeracy|Measure lengths using non-standard/standard units; compare lengths (Gr 1)|secondary|Estimating journey distance in miles introduces standard measurement concepts
|275|How many miles to Bethlehem|Holidays & Celebrations, Numbers & Counting|CU#127|Literacy & Phonics — Self-Regulation Practice|Reflection / gratitude practice|primary|Celebration songs encourage gratitude, positive reflection, and community joy
|275|How many miles to Bethlehem|Holidays & Celebrations, Numbers & Counting|CU#261|SEL|Recognizing and respecting others' perspectives|secondary|Celebrating together builds community awareness and respect for shared traditions
|275|How many miles to Bethlehem|Holidays & Celebrations, Numbers & Counting|CU#263|SEL|Working cooperatively and resolving simple conflicts|secondary|Group celebrations foster cooperation, turn-taking, and shared experience
|351|Halloween counting rhyme|Holidays & Celebrations, Numbers & Counting|CU#11|Math & Numeracy|Count to 50 starting at any number; read and write numbers to 50 (Gr 1)|primary|Counting Halloween-themed objects reinforces number sequence with engaging visuals
|351|Halloween counting rhyme|Holidays & Celebrations, Numbers & Counting|CU#4|Math & Numeracy|Relate counting to addition and subtraction (Gr 1)|secondary|Counting Halloween objects appearing/disappearing models addition and subtraction
|351|Halloween counting rhyme|Holidays & Celebrations, Numbers & Counting|CU#185|Literacy & Phonics — Reading Comprehension|Identify characters, settings, major events|primary|Halloween characters and settings (jack-o-lantern, costumes, haunted house) build narrative comprehension
|351|Halloween counting rhyme|Holidays & Celebrations, Numbers & Counting|CU#186|Literacy & Phonics — Reading Comprehension|Ask and answer questions about key details|secondary|Describing Halloween objects encourages questioning and detail recall
|351|Halloween counting rhyme|Holidays & Celebrations, Numbers & Counting|CU#76|Literacy & Phonics — Speaking & Listening|Tell a story or recount an experience with facts and descriptive details|secondary|Recounting Halloween experiences develops narrative language and sequencing skills
|351|Halloween counting rhyme|Holidays & Celebrations, Numbers & Counting|CU#127|Literacy & Phonics — Self-Regulation Practice|Reflection / gratitude practice|secondary|Halloween traditions encourage gratitude and community participation
|281|Welcome Here|Holidays & Celebrations, Routines & Social Skills|CU#127|Literacy & Phonics — Self-Regulation Practice|Reflection / gratitude practice|primary|Celebration songs encourage gratitude, positive reflection, and community joy
|281|Welcome Here|Holidays & Celebrations, Routines & Social Skills|CU#261|SEL|Recognizing and respecting others' perspectives|secondary|Celebrating together builds community awareness and respect for shared traditions
|281|Welcome Here|Holidays & Celebrations, Routines & Social Skills|CU#263|SEL|Working cooperatively and resolving simple conflicts|secondary|Group celebrations foster cooperation, turn-taking, and shared experience
|55|Jack Jingle|Music & Instruments, Numbers & Counting|CU#11|Math & Numeracy|Count to 50 starting at any number; read and write numbers to 50 (Gr 1)|primary|Counting in song rhythm reinforces number sequence and one-to-one correspondence
|55|Jack Jingle|Music & Instruments, Numbers & Counting|CU#142|Math & Numeracy|Identify, describe, extend, and create patterns (AB, ABC, AABB) (Gr 1)|secondary|Rhythmic counting patterns support pattern identification and creation
|293|1,2,3,4, Jingle at the cottage door|Music & Instruments, Numbers & Counting|CU#11|Math & Numeracy|Count to 50 starting at any number; read and write numbers to 50 (Gr 1)|primary|Sequential counting with action cues builds number sequence recognition
|293|1,2,3,4, Jingle at the cottage door|Music & Instruments, Numbers & Counting|CU#4|Math & Numeracy|Relate counting to addition and subtraction (Gr 1)|secondary|Counting forward in sequence builds foundation for addition operations
|297|Bell Horses|Music & Instruments, Numbers & Counting|CU#11|Math & Numeracy|Count to 50 starting at any number; read and write numbers to 50 (Gr 1)|primary|Counting bell rings reinforces one-to-one correspondence and number sequence
|297|Bell Horses|Music & Instruments, Numbers & Counting|CU#142|Math & Numeracy|Identify, describe, extend, and create patterns (AB, ABC, AABB) (Gr 1)|secondary|Bell ringing patterns introduce AABB and AB pattern types through sound
|232|Over in the Meadow|Nature & Plants, Numbers & Counting|CU#11|Math & Numeracy|Count to 50 starting at any number; read and write numbers to 50 (Gr 1)|primary|Counting animals in their habitats builds number sequence and one-to-one correspondence
|232|Over in the Meadow|Nature & Plants, Numbers & Counting|CU#24|Math & Numeracy|Represent and interpret data with up to 3 categories (Gr 1)|secondary|Categorizing animals by habitat type introduces data organization skills
|385|Daffy down Dilly/ 5 Yellow Daffodils|Nature & Plants, Numbers & Counting|CU#11|Math & Numeracy|Count to 50 starting at any number; read and write numbers to 50 (Gr 1)|primary|Counting daffodils 1-5 builds one-to-one correspondence with natural objects
|385|Daffy down Dilly/ 5 Yellow Daffodils|Nature & Plants, Numbers & Counting|CU#4|Math & Numeracy|Relate counting to addition and subtraction (Gr 1)|secondary|Flowers appearing and disappearing models addition and subtraction concepts
|453|Glory to the Mountain|Nature & Plants, Numbers & Counting|CU#11|Math & Numeracy|Count to 50 starting at any number; read and write numbers to 50 (Gr 1)|primary|Counting in song reinforces number sequence and group participation
|4|Johnny's Hammers|Numbers & Counting|CU#11|Math & Numeracy|Count to 50 starting at any number; read and write numbers to 50 (Gr 1)|primary|Counting hammer strikes builds one-to-one correspondence and number sequence
|4|Johnny's Hammers|Numbers & Counting|CU#4|Math & Numeracy|Relate counting to addition and subtraction (Gr 1)|secondary|Counting repeated actions builds foundation for adding sets
|49|Tideo|Numbers & Counting|CU#11|Math & Numeracy|Count to 50 starting at any number; read and write numbers to 50 (Gr 1)|primary|Counting repetitions in song reinforces number sequence
|49|Tideo|Numbers & Counting|CU#142|Math & Numeracy|Identify, describe, extend, and create patterns (AB, ABC, AABB) (Gr 1)|secondary|Repeated song structures introduce pattern concepts and rhythmic counting
|51|3 Times around / Alley alley oh|Numbers & Counting|CU#11|Math & Numeracy|Count to 50 starting at any number; read and write numbers to 50 (Gr 1)|primary|Counting repetitions in song reinforces number sequence
|51|3 Times around / Alley alley oh|Numbers & Counting|CU#142|Math & Numeracy|Identify, describe, extend, and create patterns (AB, ABC, AABB) (Gr 1)|secondary|Repeated song structures introduce pattern concepts and rhythmic counting
|64|How many miles to London town?|Numbers & Counting|CU#11|Math & Numeracy|Count to 50 starting at any number; read and write numbers to 50 (Gr 1)|primary|Counting distance units reinforces number sequence and estimation
|64|How many miles to London town?|Numbers & Counting|CU#22|Math & Numeracy|Measure lengths using non-standard/standard units; compare lengths (Gr 1)|secondary|Estimating journey distance introduces linear measurement concepts
|105|Zoom, Zoom, Zoom|Numbers & Counting|CU#11|Math & Numeracy|Count to 50 starting at any number; read and write numbers to 50 (Gr 1)|primary|Counting down 5-4-3-2-1 blast-off builds backward counting skills
|105|Zoom, Zoom, Zoom|Numbers & Counting|CU#4|Math & Numeracy|Relate counting to addition and subtraction (Gr 1)|secondary|Backward counting from 5 directly models the subtraction concept
|192|One Button Two Buttons|Numbers & Counting|CU#11|Math & Numeracy|Count to 50 starting at any number; read and write numbers to 50 (Gr 1)|primary|Counting buttons 1-10 builds one-to-one correspondence
|192|One Button Two Buttons|Numbers & Counting|CU#12|Math & Numeracy|Understand place value: tens and ones (Gr 1)|secondary|Grouping buttons by tens and ones introduces place value concepts
|276|Children Go Where I send thee|Numbers & Counting|CU#11|Math & Numeracy|Count to 50 starting at any number; read and write numbers to 50 (Gr 1)|primary|Counting groups of children in song reinforces number sequence
|276|Children Go Where I send thee|Numbers & Counting|CU#24|Math & Numeracy|Represent and interpret data with up to 3 categories (Gr 1)|secondary|Grouping children by destination introduces data categorization concepts
|283|Stars Shining #1|Numbers & Counting|CU#11|Math & Numeracy|Count to 50 starting at any number; read and write numbers to 50 (Gr 1)|primary|Counting stars reinforces number sequence and one-to-one correspondence
|283|Stars Shining #1|Numbers & Counting|CU#142|Math & Numeracy|Identify, describe, extend, and create patterns (AB, ABC, AABB) (Gr 1)|secondary|Star patterns in the sky introduce natural pattern recognition
|287|1,2, Buckle my shoe|Numbers & Counting|CU#11|Math & Numeracy|Count to 50 starting at any number; read and write numbers to 50 (Gr 1)|primary|Sequential counting with rhyming cues builds number recognition and one-to-one correspondence
|287|1,2, Buckle my shoe|Numbers & Counting|CU#4|Math & Numeracy|Relate counting to addition and subtraction (Gr 1)|secondary|Counting forward in sequence builds foundation for addition operations
|291|When You're one|Numbers & Counting|CU#11|Math & Numeracy|Count to 50 starting at any number; read and write numbers to 50 (Gr 1)|primary|Counting ages 1-10 builds number sequence understanding through personal context
|291|When You're one|Numbers & Counting|CU#13|Math & Numeracy|Compare two two-digit numbers using >, =, < (Gr 1)|secondary|Comparing ages (older/younger) introduces number comparison language
|292|10 Little Angels|Numbers & Counting|CU#11|Math & Numeracy|Count to 50 starting at any number; read and write numbers to 50 (Gr 1)|primary|Counting down from 10 reinforces backward number sequence
|292|10 Little Angels|Numbers & Counting|CU#4|Math & Numeracy|Relate counting to addition and subtraction (Gr 1)|secondary|Backward counting directly models subtraction concept
|353|5 Little pumpkins|Numbers & Counting|CU#11|Math & Numeracy|Count to 50 starting at any number; read and write numbers to 50 (Gr 1)|primary|Counting down from 5 reinforces backward number sequence with visual cues
|353|5 Little pumpkins|Numbers & Counting|CU#4|Math & Numeracy|Relate counting to addition and subtraction (Gr 1)|secondary|Backward counting models subtraction as taking away
|447|Seven Jumps|Numbers & Counting|CU#11|Math & Numeracy|Count to 50 starting at any number; read and write numbers to 50 (Gr 1)|primary|Counting to 7 with movement actions reinforces number sequence
|447|Seven Jumps|Numbers & Counting|CU#142|Math & Numeracy|Identify, describe, extend, and create patterns (AB, ABC, AABB) (Gr 1)|secondary|Dance movement patterns (7 sequential jumps) reinforce pattern recognition
|236|Zoom, Zoom, Zoom|Numbers & Counting, Transportation|CU#11|Math & Numeracy|Count to 50 starting at any number; read and write numbers to 50 (Gr 1)|primary|Counting down 5-4-3-2-1 blast-off builds backward counting skills
|236|Zoom, Zoom, Zoom|Numbers & Counting, Transportation|CU#4|Math & Numeracy|Relate counting to addition and subtraction (Gr 1)|secondary|Backward counting from 5 directly models the subtraction concept
|29|Criss cross Applesauce|Routines & Social Skills|CU#209|Classroom Routine & Approaches to Learning|Transitioning between activities/subjects|primary|Transition song helps children shift focus and prepare for next activity or subject
|29|Criss cross Applesauce|Routines & Social Skills|CU#210|Classroom Routine & Approaches to Learning|Following 2-3 step verbal directions|secondary|Song lyrics with action cues practice following multi-step directions
|72|Say Hello To The Morning|Routines & Social Skills|CU#208|Classroom Routine & Approaches to Learning|Morning arrival and settling-in routine|primary|Greeting/morning song establishes predictable arrival routine and positive start to the day
|72|Say Hello To The Morning|Routines & Social Skills|CU#223|Language & Vocabulary|Participate in collaborative conversations|secondary|Group greeting songs practice collaborative verbal exchanges and turn-taking
|91|If I Knew You Were Coming|Routines & Social Skills|CU#262|SEL|Communicating clearly and listening actively|primary|Hospitality-themed song teaches welcoming communication and attentive listening
|91|If I Knew You Were Coming|Routines & Social Skills|CU#263|SEL|Working cooperatively and resolving simple conflicts|secondary|Preparing for guests models cooperative planning, sharing, and hospitality
|154|It's a Beautiful Day|Routines & Social Skills|CU#208|Classroom Routine & Approaches to Learning|Morning arrival and settling-in routine|primary|Greeting/morning song establishes predictable arrival routine and positive start to the day
|154|It's a Beautiful Day|Routines & Social Skills|CU#223|Language & Vocabulary|Participate in collaborative conversations|secondary|Group greeting songs practice collaborative verbal exchanges and turn-taking
|161|Everybody Says|Routines & Social Skills|CU#262|SEL|Communicating clearly and listening actively|primary|Social skills song explicitly teaches polite communication and active listening strategies
|161|Everybody Says|Routines & Social Skills|CU#263|SEL|Working cooperatively and resolving simple conflicts|secondary|Polite interaction practice builds cooperative social skills and conflict resolution
|161|Everybody Says|Routines & Social Skills|CU#223|Language & Vocabulary|Participate in collaborative conversations|secondary|Polite language models collaborative conversation participation skills
|176|The Meeting in the Building|Routines & Social Skills|CU#263|SEL|Working cooperatively and resolving simple conflicts|primary|Community meeting song teaches cooperative group participation and shared decision-making
|176|The Meeting in the Building|Routines & Social Skills|CU#223|Language & Vocabulary|Participate in collaborative conversations|secondary|Meeting structure models collaborative conversation, turn-taking, and active listening
|178|Goodbye My Friends|Routines & Social Skills|CU#213|Classroom Routine & Approaches to Learning|Clean-up and end-of-day routine|primary|Goodbye song signals end-of-day closure and smooth transition home
|178|Goodbye My Friends|Routines & Social Skills|CU#127|Literacy & Phonics — Self-Regulation Practice|Reflection / gratitude practice|secondary|Saying goodbye encourages reflection on the day shared together
|178|Goodbye My Friends|Routines & Social Skills|CU#262|SEL|Communicating clearly and listening actively|secondary|Goodbye ritual practices clear farewell communication and social closure
|182|Clap Everybody and Say Hello|Routines & Social Skills|CU#208|Classroom Routine & Approaches to Learning|Morning arrival and settling-in routine|primary|Greeting/morning song establishes predictable arrival routine and positive start to the day
|182|Clap Everybody and Say Hello|Routines & Social Skills|CU#223|Language & Vocabulary|Participate in collaborative conversations|secondary|Group greeting songs practice collaborative verbal exchanges and turn-taking
|229|I Like to Rise|Routines & Social Skills|CU#208|Classroom Routine & Approaches to Learning|Morning arrival and settling-in routine|primary|Greeting/morning song establishes predictable arrival routine and positive start to the day
|229|I Like to Rise|Routines & Social Skills|CU#223|Language & Vocabulary|Participate in collaborative conversations|secondary|Group greeting songs practice collaborative verbal exchanges and turn-taking
|375|Listen and Learn|Routines & Social Skills|CU#262|SEL|Communicating clearly and listening actively|primary|Social skills song explicitly teaches polite communication and active listening strategies
|375|Listen and Learn|Routines & Social Skills|CU#263|SEL|Working cooperatively and resolving simple conflicts|secondary|Polite interaction practice builds cooperative social skills and conflict resolution
|375|Listen and Learn|Routines & Social Skills|CU#223|Language & Vocabulary|Participate in collaborative conversations|secondary|Polite language models collaborative conversation participation skills
|380|Honest Jack|Routines & Social Skills|CU#262|SEL|Communicating clearly and listening actively|primary|Social skills song explicitly teaches polite communication and active listening strategies
|380|Honest Jack|Routines & Social Skills|CU#263|SEL|Working cooperatively and resolving simple conflicts|secondary|Polite interaction practice builds cooperative social skills and conflict resolution
|380|Honest Jack|Routines & Social Skills|CU#223|Language & Vocabulary|Participate in collaborative conversations|secondary|Polite language models collaborative conversation participation skills
|165|Hello Rain|Routines & Social Skills, Seasons & Weather, Water & Sea|CU#209|Classroom Routine & Approaches to Learning|Transitioning between activities/subjects|primary|Weather-themed song helps children transition attention between indoor and outdoor activities
|165|Hello Rain|Routines & Social Skills, Seasons & Weather, Water & Sea|CU#223|Language & Vocabulary|Participate in collaborative conversations|secondary|Weather discussion models collaborative conversation about the natural environment
|165|Hello Rain|Routines & Social Skills, Seasons & Weather, Water & Sea|CU#226|Language & Vocabulary|Describe people, places, things, events|secondary|Describing rain and weather phenomena builds descriptive vocabulary and observation skills
|358|I Shut the Door|Routines & Social Skills, Seasons & Weather, Water & Sea|CU#212|Classroom Routine & Approaches to Learning|Organizing personal materials and workspace|primary|Door/closure routine teaches responsibility for personal space and materials organization
|358|I Shut the Door|Routines & Social Skills, Seasons & Weather, Water & Sea|CU#213|Classroom Routine & Approaches to Learning|Clean-up and end-of-day routine|secondary|Closing doors as part of end-of-day routine builds responsibility and closure habits
|358|I Shut the Door|Routines & Social Skills, Seasons & Weather, Water & Sea|CU#209|Classroom Routine & Approaches to Learning|Transitioning between activities/subjects|secondary|Seasonal door routine helps children transition between indoor and outdoor activities
|103|She Fell Into The Bathtub / 3 Jolly Gentlemen|Routines & Social Skills|CU#209|Classroom Routine & Approaches to Learning|Transitioning between activities/subjects|primary|Bath time routine song helps children understand and navigate daily transitions
|103|She Fell Into The Bathtub / 3 Jolly Gentlemen|Routines & Social Skills|CU#213|Classroom Routine & Approaches to Learning|Clean-up and end-of-day routine|secondary|Bath routine parallels end-of-day hygiene and clean-up patterns
|103|She Fell Into The Bathtub / 3 Jolly Gentlemen|Routines & Social Skills|CU#185|Literacy & Phonics — Reading Comprehension|Identify characters, settings, major events|secondary|Humorous story elements in song build narrative comprehension and sequencing
