song_id|track_num|song_name|topic|theme|lyrics
39|3.0|Hey Ho Little Fish|fish|Animals|
92|20.0|There Was a Little Mouse/ Mouse and Cheese / Little mice go creeping|mice|Animals|
101|29.0|Kangaroo Brown |Animals|Animals|
114|7.0|Pretty Painted butterfly||Animals|
120|13.0|Rags the Dog||Animals|
139|5.0|My Pigeon Coop |Animals|Animals|
141|7.0|Little Lap Dog |Animals|Animals|
167|14.0|I Went Down into the Barnyard|animals|Animals|
168|15.0|Ducks in the Millpond|animals|Animals|
174|21.0|The Little Cat|Animals|Animals|
190|12.0|Here goes the rabbit,|Animals|Animals|
191|13.0|Mr. Rabbit||Animals|
205|27.0|Peck, peck, peck goes the little red hen,|animals|Animals|
206|28.0|Shoo Fly|Animals|Animals|
240|12.0|I Want Someone To Buy Me A pony|Animals & Wishes|Animals|
248|20.0|Maloney the Pony||Animals|
264|8.0|Our Turkey Ran Away|turkey|Animals|
271|15.0|There was a Pig Went out to Dig|animals|Animals|
312|3.0|Mice Rhymes|mice|Animals|
329|20.0|Keeper of the Bees|bees|Animals|
330|21.0|What will we Do|bees|Animals|
334|25.0|Pony Rides||Animals|
343|4.0|Gray Squirrel|Animals|Animals|
344|5.0|The Gate Swings Open|animals|Animals|
345|6.0|The Turkey is a funny bird|turkey|Animals|
359|20.0|Creepy Crawly Spiders|Animals|Animals|
365|2.0|Wahoo Wahoo Wahoo|dogs|Animals|
372|9.0|This Fine Old Woman|animals|Animals|
373|10.0|My Little Dog|dogs|Animals|
374|11.0|Maggie's in the Weeds|dogs|Animals|
376|13.0|Wild Bee|bees|Animals|
391|9.0|The Wiggly Worm |Animals & Science|Animals|
392|10.0|I had a little piggy|animals|Animals|
416|4.0|Stroke The Bunny|bunnies|Animals|
422|11.0|A Monkey and a Hound  / Le singe et le chien||Animals|
448|15.0|Old Bald Eagle||Animals|
457|3.0|Mice Rhymes||Animals|
474|20.0|Keeper of the Bees|bees|Animals|
482|4.0|Stroke The Bunny||Animals|
488|11.0|A Monkey and a Hound  / Le singe et le chien||Animals|
502|3.0|Mice Rhymes||Animals|
244|16.0|Sugar Lamb|Lullaby|Animals, Bedtime & Lullaby|
360|21.0|There's a Spider on the Floor|Animals & Body Parts|Animals, Body Parts|
377|14.0|Head and Thorax|bees|Animals, Body Parts|
415|3.0|Mon petit lapin a bien du chagrin|bunnies|Animals, Cultural & Folk|
171|18.0|Walk Horsey Walk|ponies|Animals, Dance & Movement|
235|7.0|The Little Mice Go Creeping|Fine motor skills|Animals, Dance & Movement|
237|9.0|Sleeping Bunnies|Animals & Gross Motor|Animals, Dance & Movement|
357|18.0|Tigers are Sleeping|Animals & Gross Motor|Animals, Dance & Movement|
396|14.0|Hippity Hop|Animals & Gross Motor|Animals, Dance & Movement|
99|27.0|The Baby Bear Waltz|Animals & Dance|Animals, Dance & Movement, Family|
202|24.0|Walk Through the Farmyard|animals|Animals, Dance & Movement, Farm|
342|3.0|Walk Old  Squirrel|Animals & Nature|Animals, Dance & Movement, Nature & Plants|
186|8.0|The Baby Bear Waltz||Animals, Family|
201|23.0|Baby Shark|fish|Animals, Family|
203|25.0|Grampa's farm rhyme|farm|Animals, Farm|
204|26.0|Down on Grampa's farm |animals|Animals, Farm|
355|16.0|Halloween farm|Holidays & Animals|Animals, Farm, Holidays & Celebrations|
356|17.0|I'm a Scarecrow Tall|Nature & Farm|Animals, Farm, Nature & Plants|
147|13.0|Kitty Alone |Animals & Emotions|Animals, Feelings & Emotions|
274|18.0|reindeer|Holidays & Animals|Animals, Holidays & Celebrations|
320|11.0|Pterodactyl Song||Animals, Music & Instruments|
346|7.0|The Turkey Song|turkey|Animals, Music & Instruments|
369|6.0|The Fishing Song|fish|Animals, Music & Instruments|
465|11.0|Pterodactyl Song||Animals, Music & Instruments|
510|11.0|Pterodactyl Song||Animals, Music & Instruments|
406|24.0|What Do You Suppose?/ Bee Freeze |Animals & Music|Animals, Music & Instruments, Seasons & Weather|
58|22.0|Catch her Crow / Way up High in an Apple Tree||Animals, Nature & Plants|
95|23.0|This little boy found an egg,|Animals & Nature|Animals, Nature & Plants|
233|5.0|Slowly Garden Snail|Animals|Animals, Nature & Plants|
368|5.0|Phoebe|Animals & Nature|Animals, Nature & Plants|
394|12.0|Little Robin Red Breast|Animals & Nature|Animals, Nature & Plants|
407|25.0|Mosquitos|Animals & Nature|Animals, Nature & Plants|
347|8.0|Owl Moon|Animals & Nature|Animals, Nature & Plants, Seasons & Weather|
395|13.0|Where are the Froggies?|Animals & Counting|Animals, Numbers & Counting|
239|11.0|Shoo Fly|Animals & Routines|Animals, Routines & Social Skills|
246|18.0|Mister Moon / The Cuckoo |Moon & Animals|Animals, Seasons & Weather|
77|6.0|My Pony Boy |Animals & Transportation|Animals, Transportation|
104|32.0|Ho Young Rider|Animals & Transportation|Animals, Transportation|
296|13.0|Ride a Cock Horse||Animals, Transportation|
230|2.0|Ducks on the Pond|Animals|Animals, Water & Sea|
125|18.0|Prairie Lullaby||Bedtime & Lullaby|
126|19.0|Rock Me Easy||Bedtime & Lullaby|
127|20.0|Lullaby, Lullaby||Bedtime & Lullaby|
129|22.0|Rockabye  You ||Bedtime & Lullaby|
134|27.0|Goodnight Ladies||Bedtime & Lullaby|
138|4.0|On My Way To Dreamland |Lullaby|Bedtime & Lullaby|
140|6.0|Cowgirl's Lullaby |cowboys|Bedtime & Lullaby|
142|8.0|Lavender's Blue |Lullaby|Bedtime & Lullaby|
144|10.0|Goodnight Beloved Mine |Bedtime & Lullaby|Bedtime & Lullaby|
224|13.0|Goes to Sleep||Bedtime & Lullaby|
338|29.0|On My Way To Dreamland ||Bedtime & Lullaby|
409|27.0|Ako Si Legla Spat|quiet time|Bedtime & Lullaby|
412|30.0|Thula|quiet time|Bedtime & Lullaby|
429|21.0|Sweet and Low||Bedtime & Lullaby|
495|21.0|Sweet and Low||Bedtime & Lullaby|
528||Fais do do||Bedtime & Lullaby|
410|28.0|Close your eyes and Dream|Bedtime & Lullaby|Bedtime & Lullaby, Body Parts, Feelings & Emotions|
151|17.0|Sweet Kentucky Babe|Folk Songs & Geography|Bedtime & Lullaby, Cultural & Folk|
124|17.0|Hush Little Baby|Lullaby|Bedtime & Lullaby, Family|
128|21.0|Rock a Bye Baby / Sleep Baby Sleep||Bedtime & Lullaby, Family|
146|12.0|Bye O Baby Bye |Bedtime & Lullaby|Bedtime & Lullaby, Family|
150|16.0|Bye Baby Bye |Bedtime & Lullaby|Bedtime & Lullaby, Family|
226|15.0|Sleep small baby sleep||Bedtime & Lullaby, Family|
254|26.0|Hush Little Baby|Bedtime & Lullaby|Bedtime & Lullaby, Family|
399|17.0|Here is my baby ready for her nap|Bedtime & Routines|Bedtime & Lullaby, Family, Routines & Social Skills|
411|29.0|Tomorrow's Just a Dream Away|Feelings & Imagination|Bedtime & Lullaby, Feelings & Emotions|
184|6.0|Monday Night the Banjo||Bedtime & Lullaby, Music & Instruments|
136|2.0|Douglas Mountain |Nature & Bedtime|Bedtime & Lullaby, Nature & Plants|
255|27.0|Lavender's Blue |Nature & Lullaby|Bedtime & Lullaby, Nature & Plants|
149|15.0|Catch A Falling Star |Lullaby|Bedtime & Lullaby, Seasons & Weather|
386|4.0|Springtime Lullabye|Seasons & Lullaby|Bedtime & Lullaby, Seasons & Weather, Water & Sea|
213|2.0|My Bonnie Lies Over the Ocean|Lullaby|Bedtime & Lullaby, Water & Sea|
15|15.0|Face Tickles||Body Parts|
38|2.0|Toe Titley||Body Parts|
60|24.0|On my Toe there is a flea|body|Body Parts|
70|35.0|Chop-Nose Day||Body Parts|
188|10.0|Tommy Thumb||Body Parts|
195|17.0|Put one foot in front of the other||Body Parts|
267|11.0|Big Belly Ben|Body Parts & Stories|Body Parts|
315|6.0|Clap your Hands ||Body Parts|
316|7.0|Toe Tittly||Body Parts|
381|18.0|I'm Going to Take a Bath|body|Body Parts|
460|6.0|Clap your Hands ||Body Parts|
461|7.0|Toe Tittly||Body Parts|
505|6.0|Clap your Hands ||Body Parts|
506|7.0|Toe Tittly||Body Parts|
177|24.0|Tom Thumb|Fine Motor & Fingerplays|Body Parts, Dance & Movement|
433|5 |Wiggle Your Fingers |Body parts|Body Parts, Dance & Movement|
499|5 |Wiggle Your Fingers ||Body Parts, Dance & Movement|
231|3.0| Round and Round the Garden / Knock at the Door |Fine Motor & Sensory|Body Parts, Dance & Movement, Nature & Plants|
405|23.0|See My Fingers|Fine Motor & Counting|Body Parts, Dance & Movement, Numbers & Counting|
187|9.0|Everybody knows I love my toes|Body parts|Body Parts, Feelings & Emotions|
350|11.0|Skin and Bones|Body Parts & Holidays|Body Parts, Holidays & Celebrations|
361|22.0|Brush your Teeth|numbers and time|Body Parts, Numbers & Counting|
218|7.0|Yo te amo ||Cultural & Folk|
221|10.0|Babushka Baio||Cultural & Folk|
227|16.0|Ho Ho Watanay ||Cultural & Folk|
251|23.0|Ho Ho Watanay |Cultural Songs|Cultural & Folk|
379|16.0|Hoosen Johnny|Folk Songs & Stories|Cultural & Folk|
417|6.0|Un jour dans sa cabane||Cultural & Folk|
431|13 |Michaud|French language|Cultural & Folk|
454|21.0|La Bastringue||Cultural & Folk|
481|3.0|Mon petit lapin a bien du chagrin||Cultural & Folk|
483|6.0|Un jour dans sa cabane||Cultural & Folk|
525||Les petits lapins||Cultural & Folk|
527||Meunier tu dors||Cultural & Folk|
532||Les étoiles filent dans le ciel||Cultural & Folk|
534||Un éléphant||Cultural & Folk|
544||Un p'tit pouce qui marche||Cultural & Folk|
545||Un jour dans sa cabane-||Cultural & Folk|
546||Frotte les deux mains||Cultural & Folk|
548||Je berce mon bebe||Cultural & Folk|
551||C'est une belle journee||Cultural & Folk|
552||Les biscuits||Cultural & Folk|
553||Un singe et un chien||Cultural & Folk|
554||J'ai un manteau||Cultural & Folk|
556||Mon petit lapin a bien du chagrin||Cultural & Folk|
559||Je ferme la porte||Cultural & Folk|
560||Dans la foret lointaine||Cultural & Folk|
561||A la claire fontaine||Cultural & Folk|
68|33.0|Walk Daniel |Georgia sea islands|Cultural & Folk, Dance & Movement, Water & Sea|
253|25.0|Babushka Baio|Family & Cultural Songs|Cultural & Folk, Family|
524||J'aime la galette||Cultural & Folk, Food & Cooking|
14|14.0|All around the Kitchen|Georgia sea islands|Cultural & Folk, Food & Cooking, Water & Sea|
362|23.0|Clap When the Spirit Says Clap|Music & Cultural Songs|Cultural & Folk, Music & Instruments|
425|16.0|A Chubby Little Snowman/ Voici un bonhomme de neige||Cultural & Folk, Seasons & Weather|
491|16.0|A Chubby Little Snowman/ Voici un bonhomme de neige||Cultural & Folk, Seasons & Weather|
555||Voici un bonhomme de neige||Cultural & Folk, Seasons & Weather|
531||Un bateau, Mamie, Mamie||Cultural & Folk, Water & Sea|
73|2.0|See saw Marjorie Daw / See Saw Sacradown|Gross Motor & Movement|Dance & Movement|
86|14.0|Knees Up Mary Muffet |Gross Motor & Movement|Dance & Movement|
115|8.0|She Didn't Dance, Dance, Dance||Dance & Movement|
145|11.0|Turn Around |Gross Motor & Movement|Dance & Movement|
175|22.0|Shake it to the east|Directions & Movement|Dance & Movement|
242|14.0|She Didn't Dance, Dance, Dance|Dance & Gross Motor|Dance & Movement|
308|25.0|Put on My Dancing Shoes||Dance & Movement|
309|26.0|How shall we March||Dance & Movement|
333|24.0|We're Jumping||Dance & Movement|
403|21.0|We're Jumping|Gross Motor & Movement|Dance & Movement|
404|22.0|Ring around my Rosy|Gross Motor & Dance|Dance & Movement|
419|8.0|Jean Petit qui danse|Fine motor skills|Dance & Movement|
434|1.0|Jump Jim Joe|Gross motor skills|Dance & Movement|
435|2.0|Here We Go Zodeo|Gross motor skills|Dance & Movement|
444|11.0|Alabama Gals|Dance|Dance & Movement|
478|24.0|We're Jumping||Dance & Movement|
523|24.0|We're Jumping||Dance & Movement|
183|5.0|Dance to your Daddy||Dance & Movement, Family|
398|16.0|Pat-a-cake|Fine Motor & Rhyming|Dance & Movement, Food & Cooking|
102|30.0|Jubilee|Celebrations & Dance|Dance & Movement, Holidays & Celebrations|
243|15.0|Tumbledown Hill|Gross Motor & Nature|Dance & Movement, Nature & Plants|
155|2.0|Going for a Walk|Routines|Dance & Movement, Routines & Social Skills|
122|15.0|Watch the Stars See How They Run||Dance & Movement, Seasons & Weather|
250|22.0|Watch the Stars See How They Run|Moon & Stars|Dance & Movement, Seasons & Weather|
71|36.0|Bye Baby Bye||Family|
75|4.0|Cousin Peter|Family|Family|
170|17.0|With a Tick and a Tock / My Grandfather Clock|Time & Rhythm|Family|
185|7.0|This is the way me father taught me||Family|
238|10.0|Mother and Father and Uncle John|Family|Family|
241|13.0|With a Tick and a Tock / My Grandfather Clock||Family|
414|2.0|Sweetest Little Baby||Family|
418|7.0|Rockin' my Baby||Family|
420|9.0|Edward Loves His Mommy|Family|Family|
421|10.0|Boom Boom Baby Goes Boom Boom|Sounds|Family|
430|12 |Trot Trot to Grandma's House|Family|Family|
480|2.0|Sweetest Little Baby||Family|
484|7.0|Rockin' my Baby||Family|
486|9.0|Edward Loves His Mommy||Family|
487|10.0|Boom Boom Baby Goes Boom Boom||Family|
496|12 |Trot Trot to Grandma's House||Family|
526||Maman , Papa et Oncle Simon||Family|
537||Maman fait dodo||Family|
157|4.0|Love Grows|Feelings & Family|Family, Feelings & Emotions|
209|31.0|Mama's Little Baby loves Shortenin' Bread||Family, Food & Cooking|
400|18.0|Mama's Sleeping|Routines & Self-Regulation|Family, Routines & Social Skills|
152|18.0|Wee Baby Moon |Moon & Stars|Family, Seasons & Weather|
133|26.0|Baby's Boat||Family, Water & Sea|
337|28.0|Baby's Boat||Family, Water & Sea|
452|19.0|Bingo Farm||Farm|
295|12.0|Ring them on the floor (Jimmy Crack Corn)|bells|Farm, Music & Instruments, Seasons & Weather|
163|10.0|Reaching for the Stars|Feelings|Feelings & Emotions|
181|3.0|I Think You're Wonderful|Feelings|Feelings & Emotions|
331|22.0|I Love to Hear the Sounds||Feelings & Emotions|
476|22.0|I Love to Hear the Sounds||Feelings & Emotions|
521|22.0|I Love to Hear the Sounds||Feelings & Emotions|
153|19.0|Dreams Of Harmony |Music & Feelings|Feelings & Emotions, Music & Instruments|
284|1.0|I love to Hear the Sounds|instruments|Feelings & Emotions, Music & Instruments|
212|1.0|May There Always Be Sunshine|Feelings|Feelings & Emotions, Seasons & Weather|
341|2.0|Glorious Day|Feelings & Weather|Feelings & Emotions, Seasons & Weather|
2|2.0|Marjorie Mutton Pie||Food & Cooking|
208|30.0|Mix the Bannock||Food & Cooking|
262|6.0|Gingerbread man|Cooking & Stories|Food & Cooking|
305|22.0|Soup||Food & Cooking|
397|15.0|Johnny Porkpie|Food & Humor|Food & Cooking|
328|19.0|The Pie Song||Food & Cooking, Music & Instruments|
427|19.0|The Cookie Song||Food & Cooking, Music & Instruments|
473|19.0|The Pie Song||Food & Cooking, Music & Instruments|
493|19.0|The Cookie Song||Food & Cooking, Music & Instruments|
518|19.0|The Pie Song||Food & Cooking, Music & Instruments|
169|16.0|The Pie Song|numbers|Food & Cooking, Music & Instruments, Numbers & Counting|
263|7.0|Plum pudding|Food & Traditions|Food & Cooking, Nature & Plants|
378|15.0|Picking Berries|Nature & Food|Food & Cooking, Nature & Plants|
265|9.0|Aubrey's Dreidle|Holidays & Celebrations|Holidays & Celebrations|
266|10.0|I have a little Dreidle|Chanukah|Holidays & Celebrations|
269|13.0|Christmas is coming|Christmas|Holidays & Celebrations|
272|16.0|Here is the chimney|Holidays & Buildings|Holidays & Celebrations|
273|17.0|Santa Claus with his long white beard|Holidays & Celebrations|Holidays & Celebrations|
277|21.0|Child of God|Holidays & Spirituality|Holidays & Celebrations|
278|22.0|Shepherd's Carol|Holidays & Stories|Holidays & Celebrations|
279|23.0|Brightest and Best|Holidays & Light|Holidays & Celebrations|
282|26.0|Ring it in|Holidays & Celebrations|Holidays & Celebrations|
310|1.0|The Most Glorious Day|Celebration|Holidays & Celebrations|
348|9.0|I have a Jack o Lantern|Holidays & Celebrations|Holidays & Celebrations|
349|10.0|Jack-O-Lantern|Holidays & Celebrations|Holidays & Celebrations|
352|13.0|Heigh Ho Halloweens Here|Holidays & Celebrations|Holidays & Celebrations|
268|12.0|Ring, ring, ring your Bells|Holidays & Music|Holidays & Celebrations, Music & Instruments|
275|19.0|How many miles to Bethlehem |Counting & Holidays|Holidays & Celebrations, Numbers & Counting|
351|12.0|Halloween counting rhyme|counting|Holidays & Celebrations, Numbers & Counting|
281|25.0|Welcome Here|Social Skills & Holidays|Holidays & Celebrations, Routines & Social Skills|
160|7.0|We're tapping, ringing, shaking|Music & Instruments|Music & Instruments|
261|5.0|Rum Tum Tiddle|Music & Rhythm|Music & Instruments|
285|2.0|Aikendrum|instruments|Music & Instruments|
286|3.0|I'm tapping on my sticks |instruments|Music & Instruments|
288|5.0|Bow Wow Wow|sticks|Music & Instruments|
289|6.0|I have a little Hammer and I Tap tap tap|sticks|Music & Instruments|
294|11.0|Oh Children Ring Your Bells|bells|Music & Instruments|
298|15.0|We can play on our violins|instruments|Music & Instruments|
299|16.0|Shake your shakers slowly|shakers|Music & Instruments|
300|17.0|We're Going to the Market|shakers|Music & Instruments|
301|18.0|I am a Fine Musician|instruments|Music & Instruments|
303|20.0|We're walking walking walking|drums|Music & Instruments|
304|21.0|Old MacDonald's band|instruments|Music & Instruments|
424|15.0|I Have a Little Drum||Music & Instruments|
490|15.0|I Have a Little Drum||Music & Instruments|
55|19.0|Jack Jingle|numbers|Music & Instruments, Numbers & Counting|
293|10.0|1,2,3,4, Jingle at the cottage door|counting|Music & Instruments, Numbers & Counting|
297|14.0|Bell Horses|counting|Music & Instruments, Numbers & Counting|
280|24.0|The Solstice Song|solstice|Music & Instruments, Seasons & Weather|
159|6.0|Truck Song|Transportation & Vehicles|Music & Instruments, Transportation|
317|8.0|The Truck Song|Transportation|Music & Instruments, Transportation|
462|8.0|The Truck Song||Music & Instruments, Transportation|
507|8.0|The Truck Song||Music & Instruments, Transportation|
370|7.0|The Swimming Song|swimming|Music & Instruments, Water & Sea|
65|29.0|London Hill||Nature & Plants|
79|8.0|Won't You Plant Your Seeds With Care|seeds|Nature & Plants|
80|9.0|5 Little Peas / Oats and Beans|seeds|Nature & Plants|
93|21.0|Shake Them Simmons Down|Nature & Harvest|Nature & Plants|
97|25.0|Down in the Valley|Nature & Geography|Nature & Plants|
220|9.0|Land of Silver Birch||Nature & Plants|
332|23.0|Glory to the Mountain||Nature & Plants|
382|19.0|Going Down the Old Camp Road|Outdoor Activities & Nature|Nature & Plants|
388|6.0|Pussy Willow|seeds|Nature & Plants|
389|7.0|Dig a Little Hole|seeds|Nature & Plants|
390|8.0|Seed in the Ground|Science & Nature|Nature & Plants|
477|23.0|Glory to the Mountain||Nature & Plants|
522|23.0|Glory to the Mountain||Nature & Plants|
232|4.0|Over in the Meadow|numbers|Nature & Plants, Numbers & Counting|
385|3.0|Daffy down Dilly/ 5 Yellow Daffodils|Counting & Nature|Nature & Plants, Numbers & Counting|
453|20.0|Glory to the Mountain|numbers|Nature & Plants, Numbers & Counting|
426|17.0|Toboggan Hill||Nature & Plants, Seasons & Weather|
492|17.0|Toboggan Hill||Nature & Plants, Seasons & Weather|
166|13.0|Picking buttercups|Nature & Seasons|Nature & Plants, Seasons & Weather, Water & Sea|
340|1.0|When Its Autumn|Seasons & Nature|Nature & Plants, Seasons & Weather, Water & Sea|
383|1.0|Spring is Coming|Seasons & Nature|Nature & Plants, Seasons & Weather, Water & Sea|
387|5.0|Crocuses and Scilla|Nature & Seasons|Nature & Plants, Seasons & Weather, Water & Sea|
408|26.0|Poor Little Sandy Girl|Nature & Seasons|Nature & Plants, Seasons & Weather, Water & Sea|
4|4.0|Johnny's Hammers|numbers|Numbers & Counting|
49|13.0|Tideo|numbers|Numbers & Counting|
51|15.0|3 Times around / Alley alley oh|numbers|Numbers & Counting|
64|28.0|How many miles to London town?||Numbers & Counting|
105|33.0|Zoom, Zoom, Zoom|numbers|Numbers & Counting|
192|14.0|One Button Two Buttons|numbers|Numbers & Counting|
276|20.0|Children Go Where I send thee|counting|Numbers & Counting|
283|27.0|Stars Shining #1|counting|Numbers & Counting|
287|4.0|1,2, Buckle my shoe|counting|Numbers & Counting|
291|8.0|When You're one|counting|Numbers & Counting|
292|9.0|10 Little Angels|counting|Numbers & Counting|
353|14.0|5 Little pumpkins|counting|Numbers & Counting|
447|14.0|Seven Jumps|numbers |Numbers & Counting|
236|8.0|Zoom, Zoom, Zoom|Counting & Transportation|Numbers & Counting, Transportation|
29|29.0|Criss cross Applesauce||Routines & Social Skills|
72|1.0|Say Hello To The Morning|Routines|Routines & Social Skills|
91|19.0|If I Knew You Were Coming|Social Skills & Routines|Routines & Social Skills|
103|31.0|She Fell Into The Bathtub / 3 Jolly Gentlemen|Daily Routines & Humor|Routines & Social Skills|
154|1.0|It's a Beautiful Day|Routines & Greetings|Routines & Social Skills|
161|8.0|Everybody Says|Social Skills|Routines & Social Skills|
176|23.0|The Meeting in the Building|Community & Social|Routines & Social Skills|
178|25.0|Goodbye My Friends|Routines & Social|Routines & Social Skills|
182|4.0|Clap Everybody and Say Hello||Routines & Social Skills|
229|1.0|I Like to Rise|Routines & Morning|Routines & Social Skills|
375|12.0|Listen and Learn|manners|Routines & Social Skills|
380|17.0|Honest Jack|manners|Routines & Social Skills|
165|12.0|Hello Rain|rain|Routines & Social Skills, Seasons & Weather, Water & Sea|
358|19.0|I Shut the Door|Seasons & Routines|Routines & Social Skills, Seasons & Weather, Water & Sea|
106|34.0|The Moon is Round / The Moonman|Moon & Shapes|Seasons & Weather|
108|1.0|Circle Of The Sun|Circles|Seasons & Weather|
132|25.0|I see the moon||Seasons & Weather|
135|1.0|Great Big Star |moon stars|Seasons & Weather|
137|3.0|Mister Moon / The Cuckoo |moon stars|Seasons & Weather|
148|14.0|I See The Moon (up over my bed) |Moon & Stars|Seasons & Weather|
164|11.0|The Cold Winds Are Blowing|Weather|Seasons & Weather|
179|1.0|Sally Go Round the Sun||Seasons & Weather|
214|3.0|When the day is over and the sun goes down||Seasons & Weather|
215|4.0|Up and Over the Moon!|moon stars|Seasons & Weather|
216|5.0|You Are My Sunshine|sun|Seasons & Weather|
217|6.0|Mr Moon|moon stars|Seasons & Weather|
223|12.0|Big Moon Bright Moon||Seasons & Weather|
225|14.0|The Moon is a Pearl||Seasons & Weather|
247|19.0|The Moon is Round ||Seasons & Weather|
252|24.0|I See the Moon|Moon & Stars|Seasons & Weather|
256|28.0|The Moonman|Moon & Imagination|Seasons & Weather|
319|10.0|Sally Go Round the Sun||Seasons & Weather|
323|14.0|Snow On the Rooftops||Seasons & Weather|
339|30.0|Great Big Star||Seasons & Weather|
354|15.0|Roll that Pumpkin Down To Town|Autumn|Seasons & Weather|
384|2.0|Mr. Sun|sun|Seasons & Weather|
393|11.0|Because it's Spring|happiness|Seasons & Weather|
464|10.0|Sally Go Round the Sun||Seasons & Weather|
467|13.0|A Chubby Little Snowman? Voici in bonhomme de neige||Seasons & Weather|
468|14.0|Snow On the Rooftops||Seasons & Weather|
470|16.0|Spring is Coming||Seasons & Weather|
471|17.0|Welcome Summer||Seasons & Weather|
509|10.0|Sally Go Round the Sun||Seasons & Weather|
512|13.0|A Chubby Little Snowman? Voici in bonhomme de neige||Seasons & Weather|
513|14.0|Snow On the Rooftops||Seasons & Weather|
515|16.0|Spring is Coming||Seasons & Weather|
516|17.0|Welcome Summer||Seasons & Weather|
88|16.0|The Train Wheels are Rolling|trains|Seasons & Weather, Transportation, Water & Sea|
89|17.0|Here is The Little Boy|trains|Seasons & Weather, Transportation, Water & Sea|
107|35.0|Train is A'leaving|trains|Seasons & Weather, Transportation, Water & Sea|
94|22.0|One Cold and Frosty Morning|Seasons & Weather|Seasons & Weather, Water & Sea|
257|1.0|Snow Flakes|Seasons & Weather|Seasons & Weather, Water & Sea|
258|2.0|Chubby Little Snowman|Seasons & Weather|Seasons & Weather, Water & Sea|
259|3.0|It's Going to be a Long Winter|Seasons & Weather|Seasons & Weather, Water & Sea|
260|4.0|Snow On the Rooftops|Seasons|Seasons & Weather, Water & Sea|
270|14.0|Almost Day|Seasons & Light|Seasons & Weather, Water & Sea|
322|13.0|A Chubby Little Snowman? Voici in ...|Seasons|Seasons & Weather, Water & Sea|
324|15.0|Snowflakes|Seasons|Seasons & Weather, Water & Sea|
325|16.0|Spring is Coming|Seasons|Seasons & Weather, Water & Sea|
326|17.0|Welcome Summer|Seasons|Seasons & Weather, Water & Sea|
364|1.0|Welcome Summer|Seasons & Weather|Seasons & Weather, Water & Sea|
401|19.0|I Hear Thunder/ I see blue skies|Seasons & Weather|Seasons & Weather, Water & Sea|
402|20.0|Puddles|Seasons & Weather|Seasons & Weather, Water & Sea|
1|1.0|How'd ja do||Stories & Rhymes|
7|7.0|Rum Tum Tiddle||Stories & Rhymes|
8|8.0|Palm Tickles ||Stories & Rhymes|
21|21.0|Coulter's Candy||Stories & Rhymes|
32|32.0|Shoofly||Stories & Rhymes|
41|5.0|Razzama Tazzama||Stories & Rhymes|
43|7.0|Who's That Sitting There|names|Stories & Rhymes|
44|8.0|Davy Davy Dumpling||Stories & Rhymes|
46|10.0|A Smooth Road||Stories & Rhymes|
48|12.0|X Marks the Spot||Stories & Rhymes|
50|14.0|How Go The Ladies||Stories & Rhymes|
52|16.0|Wibbleton to Wobbleton/ Trumpety Trumpety trump||Stories & Rhymes|
57|21.0|Duke of York||Stories & Rhymes|
59|23.0|Dirty Bill||Stories & Rhymes|
66|30.0|Jim along Josie||Stories & Rhymes|
67|31.0|There's a Cobbler down the Street||Stories & Rhymes|
69|34.0|Wobbi-Do-Wop||Stories & Rhymes|
87|15.0|Jeremiah Blow the Fire|Elements & Sensory|Stories & Rhymes|
111|4.0|Put your Shoes on Lucy||Stories & Rhymes|
116|9.0|Duke of York||Stories & Rhymes|
118|11.0|Dropped My Hat ||Stories & Rhymes|
119|12.0|Come Look a see||Stories & Rhymes|
121|14.0|Zoom, Zoom, Zoom||Stories & Rhymes|
123|16.0|Simple Gifts|Values|Stories & Rhymes|
130|23.0|Alley Bally||Stories & Rhymes|
131|24.0|All the little ones are sleeping||Stories & Rhymes|
156|3.0|Jarvis to Port Dover|Geography & Travel|Stories & Rhymes|
158|5.0|Jack's House|houses|Stories & Rhymes|
180|2.0|Up and Down the Rocky Road||Stories & Rhymes|
189|11.0|I'm Going to the Woods||Stories & Rhymes|
193|15.0|Button It Up|clothes|Stories & Rhymes|
194|16.0|Harry went to Hampstead||Stories & Rhymes|
196|18.0|The Ponies are Walking||Stories & Rhymes|
197|19.0|Pace Goes the Lady||Stories & Rhymes|
198|20.0|Jarvis to Port Dover||Stories & Rhymes|
199|21.0|Down by the Banks of the Hanky Pank||Stories & Rhymes|
207|29.0|Here's a Little Teacup||Stories & Rhymes|
210|32.0|Suppity Sup||Stories & Rhymes|
211|33.0|Thanks A Lot|thank you|Stories & Rhymes|
219|8.0|Tall Trees||Stories & Rhymes|
222|11.0|Where are the Stars||Stories & Rhymes|
228|17.0|Everybody's Sleeping||Stories & Rhymes|
249|21.0|Here is The Little Boy||Stories & Rhymes|
290|7.0|Higglety Pigglety Pop||Stories & Rhymes|
302|19.0|May we Soar Like Eagles||Stories & Rhymes|
306|23.0|Wee Willie Winkie||Stories & Rhymes|
307|24.0|Shiloh||Stories & Rhymes|
311|2.0|I Like to Rise||Stories & Rhymes|
314|5.0|Jack's House||Stories & Rhymes|
321|12.0|Raise Up Your Tiny Windows||Stories & Rhymes|
327|18.0|Heigh Ho Halloweens Here||Stories & Rhymes|
335|26.0|A Smooth Rd to London Town||Stories & Rhymes|
336|27.0|Tall Trees||Stories & Rhymes|
363|24.0|Thanks A Lot|thanks best version|Stories & Rhymes|
413|1.0|It's a Beautiful Day / C’est une belle journée||Stories & Rhymes|
423|14.0|You Can Shake||Stories & Rhymes|
428|20.0|Dans la forȇt lointaine||Stories & Rhymes|
432|18 |Button it Up / J’ai des mitaines|clothes|Stories & Rhymes|
436|3.0|Raise Up Your Tiny Windows (Miss Sue)||Stories & Rhymes|
437|4.0|Paw Paw Patch||Stories & Rhymes|
438|5.0|Hunt The Cows||Stories & Rhymes|
439|6.0|Little Johnny Brown||Stories & Rhymes|
440|7.0|Soloman Levi||Stories & Rhymes|
441|8.0|Jenny Jones||Stories & Rhymes|
442|9.0|Sasha||Stories & Rhymes|
443|10.0|Princess||Stories & Rhymes|
445|12.0|Way Down Yonder in the Brickyard||Stories & Rhymes|
449|16.0|Chee chee chaw||Stories & Rhymes|
450|17.0|Old Roger||Stories & Rhymes|
451|18.0|Going to Boston||Stories & Rhymes|
455|1.0|The Most Glorious Day||Stories & Rhymes|
456|2.0|I Like to Rise||Stories & Rhymes|
459|5.0|Jack's House||Stories & Rhymes|
466|12.0|Raise Up Your Tiny Windows||Stories & Rhymes|
469|15.0|Snowflakes||Stories & Rhymes|
472|18.0|Heigh Ho Halloweens Here||Stories & Rhymes|
475|21.0|What will we Do|bess|Stories & Rhymes|
479|1.0|It's a Beautiful Day / C’est une belle journée||Stories & Rhymes|
485|8.0|Jean Petit qui danse||Stories & Rhymes|
489|14.0|You Can Shake||Stories & Rhymes|
494|20.0|Dans la forȇt lointaine||Stories & Rhymes|
497|13 |Michaud||Stories & Rhymes|
498|18 |Button it Up / J’ai des mitaines||Stories & Rhymes|
500|1.0|The Most Glorious Day||Stories & Rhymes|
501|2.0|I Like to Rise||Stories & Rhymes|
504|5.0|Jack's House||Stories & Rhymes|
511|12.0|Raise Up Your Tiny Windows||Stories & Rhymes|
514|15.0|Snowflakes||Stories & Rhymes|
517|18.0|Heigh Ho Halloweens Here||Stories & Rhymes|
519|20.0|Keeper of the Bees||Stories & Rhymes|
520|21.0|What will we Do||Stories & Rhymes|
529||Savez-vous planter des choux?||Stories & Rhymes|
533||Le jardin||Stories & Rhymes|
535||Trotte, trotte||Stories & Rhymes|
536||La laine des moutons||Stories & Rhymes|
538||Pomme de reinette||Stories & Rhymes|
539||J'enroule||Stories & Rhymes|
540||Tape tape tape||Stories & Rhymes|
541||Faire de la gomme||Stories & Rhymes|
542||Le chien dans l'ecole||Stories & Rhymes|
543||Petit poisson||Stories & Rhymes|
547||Doigts colles||Stories & Rhymes|
549||Tout la-haut||Stories & Rhymes|
550||Michaud||Stories & Rhymes|
557||Jean Petit qui danse||Stories & Rhymes|
558||Le chien de ma tante||Stories & Rhymes|
45|9.0|Little Brass Wagon||Transportation|
90|18.0|Morningtown Ride|Transportation|Transportation|
313|4.0|Motorcycle Ride|Transportation|Transportation|
318|9.0|The Train Wheels are Rolling||Transportation|
366|3.0|Motorcycle Ride|vehicles|Transportation|
367|4.0|Let's Take a Ride in the Country|vehicles|Transportation|
458|4.0|Motorcycle Ride||Transportation|
463|9.0|The Train Wheels are Rolling||Transportation|
503|4.0|Motorcycle Ride||Transportation|
508|9.0|The Train Wheels are Rolling||Transportation|
117|10.0|Sailing Sailing Over the Ocean|Transportation|Transportation, Water & Sea|
143|9.0|Come Row The Boat |Transportation|Transportation, Water & Sea|
234|6.0|Sailing Sailing Over the Ocean|Transportation & Water|Transportation, Water & Sea|
245|17.0|This is the Boat|Transportation & Water|Transportation, Water & Sea|
172|19.0|Here is the Boat|boats|Water & Sea|
173|20.0|There was a Little Boat|boats|Water & Sea|
200|22.0|Here is the Sea|boats|Water & Sea|
371|8.0|Swimming, Swimming  in the Swimming Pool|swimming|Water & Sea|
446|13.0|We're floating down the river||Water & Sea|
530||Nage, nage, nage||Water & Sea|
